1406252;danmcd;OS-8343 update OpenSSL to 3.0.1;joyent/illumos-extra;[792549];['papertigers'];2021-12-14T22:08:20Z;2021-12-15T01:34:30Z;['openssl3/Makefile', 'openssl3/openssl-3.0.1.tar.gz'];https://github.com/joyent/illumos-extra/pull/66;https://api.github.com/repos/joyent/illumos-extra/pulls/66/commits;2;closed
1406252;danmcd;OS-8326 Let smartos-live be buildable with gcc10;joyent/illumos-extra;[1612974];['bahamat'];2021-12-08T14:58:31Z;2022-01-10T20:24:33Z;['Makefile', 'nss-nspr/Patches/sqlite.patch', 'openssl3/Patches/0001-Configuration.patch', 'gnupg/Makefile', 'gnupg/Patches/0001-With-C99-we-need-to-explicitly-ask-for-the-old-style.patch', 'gnupg/Patches/0001-gcc10-extern-adjustment.patch', 'gnupg/Patches/0002-OS-8313-do-not-check.patch', 'gnupg/gnupg-1.4.11.tar.bz2', 'gnupg/gnupg-1.4.23.tar.bz2', 'ipmitool/Patches/MAX.diff', 'ipmitool/Patches/ipmi_hpmfwupg-cleanup.diff', 'less/Makefile', 'less/less-436.tar.gz', 'less/less-590.tar.gz', 'mdb_v8/Makefile', 'mdb_v8/mdb_v8-1.4.2.tar.gz', 'mdb_v8/mdb_v8-1.4.3.tar.gz', 'openlldp/Patches/gcc10.diff', 'rsyslog/patches/gcc10.diff', 'socat/Makefile', 'socat/Patches/gcc10.patch', 'socat/socat-1.7.1.3.tar.gz', 'socat/socat-1.7.4.1.tar.gz', 'openssl3/Makefile', 'openssl3/openssl-3.0.1.tar.gz', 'Makefile', 'gnupg/Makefile', 'less/Makefile', 'mdb_v8/Makefile', 'socat/Makefile', 'ipmitool/Patches/ipmi_hpmfwupg-cleanup.diff', 'ipmitool/Patches/ipmi_sdr_get_record.diff'];https://github.com/joyent/illumos-extra/pull/65;https://api.github.com/repos/joyent/illumos-extra/pulls/65/commits;4;closed
1406252;danmcd;OS-8340 Patch CVE-2021-43527 in NSS;joyent/illumos-extra;[1612974];['bahamat'];2021-12-02T01:41:28Z;2021-12-03T21:56:48Z;['nss-nspr/Patches/CVE-2021-43527.patch'];https://github.com/joyent/illumos-extra/pull/62;https://api.github.com/repos/joyent/illumos-extra/pulls/62/commits;244;closed
1406252;danmcd;OS-8325 Enable gcc10 as a shadow compiler;joyent/illumos-extra;[792549];['papertigers'];2021-10-06T21:08:54Z;2021-10-08T16:19:15Z;['gcc10/Makefile', 'gcc10/Patches/1000-ld-flags.patch', 'gcc10/gcc-10.3.0-il-1.tar.gz.sha1', 'gcc10/gmp-6.2.1.tar.bz2.sha1', 'gcc10/mpc-1.2.1.tar.gz.sha1', 'gcc10/mpfr-4.1.0.tar.bz2.sha1', 'Makefile', 'manifest', 'node.js/Patches/node_root_certs.diff', 'openssl/Makefile', 'openssl/Makefile.com', 'openssl/configure.patch', 'openssl/engine_pkcs11/hw_pk11.c', 'openssl/engine_pkcs11/hw_pk11.h', 'openssl/engine_pkcs11/hw_pk11_err.c', 'openssl/engine_pkcs11/hw_pk11_err.h', 'openssl/engine_pkcs11/hw_pk11_pub.c', 'openssl/engine_pkcs11/hw_pk11_uri.c', 'openssl/engine_pkcs11/hw_pk11_uri.h', 'openssl/install-sfw', 'openssl/install-sfw-64', 'openssl/limits.patch', 'openssl/openssl-0.9.8zg-src/ACKNOWLEDGMENTS', 'openssl/openssl-0.9.8zg-src/CHANGES', 'openssl/openssl-0.9.8zg-src/CHANGES.SSLeay', 'openssl/openssl-0.9.8zg-src/Configure', 'openssl/openssl-0.9.8zg-src/FAQ', 'openssl/openssl-0.9.8zg-src/INSTALL', 'openssl/openssl-0.9.8zg-src/INSTALL.DJGPP', 'openssl/openssl-0.9.8zg-src/INSTALL.MacOS', 'openssl/openssl-0.9.8zg-src/INSTALL.NW', 'openssl/openssl-0.9.8zg-src/INSTALL.OS2', 'openssl/openssl-0.9.8zg-src/INSTALL.VMS', 'openssl/openssl-0.9.8zg-src/INSTALL.W32', 'openssl/openssl-0.9.8zg-src/INSTALL.W64', 'openssl/openssl-0.9.8zg-src/INSTALL.WCE', 'openssl/openssl-0.9.8zg-src/LICENSE', 'openssl/openssl-0.9.8zg-src/MacOS/GUSI_Init.cpp', 'openssl/openssl-0.9.8zg-src/MacOS/GetHTTPS.src/CPStringUtils.cpp', 'openssl/openssl-0.9.8zg-src/MacOS/GetHTTPS.src/CPStringUtils.hpp', 'openssl/openssl-0.9.8zg-src/MacOS/GetHTTPS.src/ErrorHandling.cpp', 'openssl/openssl-0.9.8zg-src/MacOS/GetHTTPS.src/ErrorHandling.hpp', 'openssl/openssl-0.9.8zg-src/MacOS/GetHTTPS.src/GetHTTPS.cpp', 'openssl/openssl-0.9.8zg-src/MacOS/GetHTTPS.src/MacSocket.cpp', 'openssl/openssl-0.9.8zg-src/MacOS/GetHTTPS.src/MacSocket.h', 'openssl/openssl-0.9.8zg-src/MacOS/OpenSSL.mcp.hqx', 'openssl/openssl-0.9.8zg-src/MacOS/Randomizer.cpp', 'openssl/openssl-0.9.8zg-src/MacOS/Randomizer.h', 'openssl/openssl-0.9.8zg-src/MacOS/TODO', 'openssl/openssl-0.9.8zg-src/MacOS/_MWERKS_GUSI_prefix.h', 'openssl/openssl-0.9.8zg-src/MacOS/_MWERKS_prefix.h', 'openssl/openssl-0.9.8zg-src/MacOS/buildinf.h', 'openssl/openssl-0.9.8zg-src/MacOS/mklinks.as.hqx', 'openssl/openssl-0.9.8zg-src/MacOS/opensslconf.h', 'openssl/openssl-0.9.8zg-src/Makefile', 'openssl/openssl-0.9.8zg-src/Makefile.bak', 'openssl/openssl-0.9.8zg-src/Makefile.org', 'openssl/openssl-0.9.8zg-src/Makefile.shared', 'openssl/openssl-0.9.8zg-src/NEWS', 'openssl/openssl-0.9.8zg-src/Netware/build.bat', 'openssl/openssl-0.9.8zg-src/Netware/cpy_tests.bat', 'openssl/openssl-0.9.8zg-src/Netware/do_tests.pl', 'openssl/openssl-0.9.8zg-src/Netware/globals.txt', 'openssl/openssl-0.9.8zg-src/Netware/readme.txt', 'openssl/openssl-0.9.8zg-src/Netware/set_env.bat', 'openssl/openssl-0.9.8zg-src/PROBLEMS', 'openssl/openssl-0.9.8zg-src/README', 'openssl/openssl-0.9.8zg-src/README.ASN1', 'openssl/openssl-0.9.8zg-src/README.ENGINE', 'openssl/openssl-0.9.8zg-src/VMS/TODO', 'openssl/openssl-0.9.8zg-src/VMS/VMSify-conf.pl', 'openssl/openssl-0.9.8zg-src/VMS/WISHLIST.TXT', 'openssl/openssl-0.9.8zg-src/VMS/install.com', 'openssl/openssl-0.9.8zg-src/VMS/mkshared.com', 'openssl/openssl-0.9.8zg-src/VMS/multinet_shr.opt', 'openssl/openssl-0.9.8zg-src/VMS/openssl_utils.com', 'openssl/openssl-0.9.8zg-src/VMS/socketshr_shr.opt', 'openssl/openssl-0.9.8zg-src/VMS/tcpip_shr_decc.opt', 'openssl/openssl-0.9.8zg-src/VMS/test-includes.com', 'openssl/openssl-0.9.8zg-src/VMS/ucx_shr_decc.opt', 'openssl/openssl-0.9.8zg-src/VMS/ucx_shr_decc_log.opt', 'openssl/openssl-0.9.8zg-src/VMS/ucx_shr_vaxc.opt', 'openssl/openssl-0.9.8zg-src/apps/CA.com', 'openssl/openssl-0.9.8zg-src/apps/CA.pl', 'openssl/openssl-0.9.8zg-src/apps/CA.pl.in', 'openssl/openssl-0.9.8zg-src/apps/CA.sh', 'openssl/openssl-0.9.8zg-src/apps/Makefile', 'openssl/openssl-0.9.8zg-src/apps/app_rand.c', 'openssl/openssl-0.9.8zg-src/apps/apps.c', 'openssl/openssl-0.9.8zg-src/apps/apps.h', 'openssl/openssl-0.9.8zg-src/apps/asn1pars.c', 'openssl/openssl-0.9.8zg-src/apps/ca-cert.srl', 'openssl/openssl-0.9.8zg-src/apps/ca-key.pem', 'openssl/openssl-0.9.8zg-src/apps/ca-req.pem', 'openssl/openssl-0.9.8zg-src/apps/ca.c', 'openssl/openssl-0.9.8zg-src/apps/cert.pem', 'openssl/openssl-0.9.8zg-src/apps/ciphers.c', 'openssl/openssl-0.9.8zg-src/apps/client.pem', 'openssl/openssl-0.9.8zg-src/apps/cms.c', 'openssl/openssl-0.9.8zg-src/apps/crl.c', 'openssl/openssl-0.9.8zg-src/apps/crl2p7.c', 'openssl/openssl-0.9.8zg-src/apps/demoCA/cacert.pem', 'openssl/openssl-0.9.8zg-src/apps/demoCA/index.txt', 'openssl/openssl-0.9.8zg-src/apps/demoCA/private/cakey.pem', 'openssl/openssl-0.9.8zg-src/apps/demoCA/serial', 'openssl/openssl-0.9.8zg-src/apps/dgst.c', 'openssl/openssl-0.9.8zg-src/apps/dh.c', 'openssl/openssl-0.9.8zg-src/apps/dh1024.pem', 'openssl/openssl-0.9.8zg-src/apps/dh2048.pem', 'openssl/openssl-0.9.8zg-src/apps/dh4096.pem', 'openssl/openssl-0.9.8zg-src/apps/dh512.pem', 'openssl/openssl-0.9.8zg-src/apps/dhparam.c', 'openssl/openssl-0.9.8zg-src/apps/dsa-ca.pem', 'openssl/openssl-0.9.8zg-src/apps/dsa-pca.pem', 'openssl/openssl-0.9.8zg-src/apps/dsa.c', 'openssl/openssl-0.9.8zg-src/apps/dsa1024.pem', 'openssl/openssl-0.9.8zg-src/apps/dsa512.pem', 'openssl/openssl-0.9.8zg-src/apps/dsap.pem', 'openssl/openssl-0.9.8zg-src/apps/dsaparam.c', 'openssl/openssl-0.9.8zg-src/apps/ec.c', 'openssl/openssl-0.9.8zg-src/apps/ecparam.c', 'openssl/openssl-0.9.8zg-src/apps/enc.c', 'openssl/openssl-0.9.8zg-src/apps/engine.c', 'openssl/openssl-0.9.8zg-src/apps/errstr.c', 'openssl/openssl-0.9.8zg-src/apps/gendh.c', 'openssl/openssl-0.9.8zg-src/apps/gendsa.c', 'openssl/openssl-0.9.8zg-src/apps/genrsa.c', 'openssl/openssl-0.9.8zg-src/apps/install.com', 'openssl/openssl-0.9.8zg-src/apps/makeapps.com', 'openssl/openssl-0.9.8zg-src/apps/md4.c', 'openssl/openssl-0.9.8zg-src/apps/nseq.c', 'openssl/openssl-0.9.8zg-src/apps/ocsp.c', 'openssl/openssl-0.9.8zg-src/apps/oid.cnf', 'openssl/openssl-0.9.8zg-src/apps/openssl-vms.cnf', 'openssl/openssl-0.9.8zg-src/apps/openssl.c', 'openssl/openssl-0.9.8zg-src/apps/openssl.cnf', 'openssl/openssl-0.9.8zg-src/apps/passwd.c', 'openssl/openssl-0.9.8zg-src/apps/pca-cert.srl', 'openssl/openssl-0.9.8zg-src/apps/pca-key.pem', 'openssl/openssl-0.9.8zg-src/apps/pca-req.pem', 'openssl/openssl-0.9.8zg-src/apps/pkcs12.c', 'openssl/openssl-0.9.8zg-src/apps/pkcs7.c', 'openssl/openssl-0.9.8zg-src/apps/pkcs8.c', 'openssl/openssl-0.9.8zg-src/apps/prime.c', 'openssl/openssl-0.9.8zg-src/apps/privkey.pem', 'openssl/openssl-0.9.8zg-src/apps/progs.h', 'openssl/openssl-0.9.8zg-src/apps/progs.pl', 'openssl/openssl-0.9.8zg-src/apps/rand.c', 'openssl/openssl-0.9.8zg-src/apps/req.c', 'openssl/openssl-0.9.8zg-src/apps/req.pem', 'openssl/openssl-0.9.8zg-src/apps/rsa.c', 'openssl/openssl-0.9.8zg-src/apps/rsa8192.pem', 'openssl/openssl-0.9.8zg-src/apps/rsautl.c', 'openssl/openssl-0.9.8zg-src/apps/s1024key.pem', 'openssl/openssl-0.9.8zg-src/apps/s1024req.pem', 'openssl/openssl-0.9.8zg-src/apps/s512-key.pem', 'openssl/openssl-0.9.8zg-src/apps/s512-req.pem', 'openssl/openssl-0.9.8zg-src/apps/s_apps.h', 'openssl/openssl-0.9.8zg-src/apps/s_cb.c', 'openssl/openssl-0.9.8zg-src/apps/s_client.c', 'openssl/openssl-0.9.8zg-src/apps/s_server.c', 'openssl/openssl-0.9.8zg-src/apps/s_socket.c', 'openssl/openssl-0.9.8zg-src/apps/s_time.c', 'openssl/openssl-0.9.8zg-src/apps/server.pem', 'openssl/openssl-0.9.8zg-src/apps/server.srl', 'openssl/openssl-0.9.8zg-src/apps/server2.pem', 'openssl/openssl-0.9.8zg-src/apps/sess_id.c', 'openssl/openssl-0.9.8zg-src/apps/set/set-g-ca.pem', 'openssl/openssl-0.9.8zg-src/apps/set/set-m-ca.pem', 'openssl/openssl-0.9.8zg-src/apps/set/set_b_ca.pem', 'openssl/openssl-0.9.8zg-src/apps/set/set_c_ca.pem', 'openssl/openssl-0.9.8zg-src/apps/set/set_d_ct.pem', 'openssl/openssl-0.9.8zg-src/apps/set/set_root.pem', 'openssl/openssl-0.9.8zg-src/apps/smime.c', 'openssl/openssl-0.9.8zg-src/apps/speed.c', 'openssl/openssl-0.9.8zg-src/apps/spkac.c', 'openssl/openssl-0.9.8zg-src/apps/testCA.pem', 'openssl/openssl-0.9.8zg-src/apps/testdsa.h', 'openssl/openssl-0.9.8zg-src/apps/testrsa.h', 'openssl/openssl-0.9.8zg-src/apps/timeouts.h', 'openssl/openssl-0.9.8zg-src/apps/verify.c', 'openssl/openssl-0.9.8zg-src/apps/version.c', 'openssl/openssl-0.9.8zg-src/apps/winrand.c', 'openssl/openssl-0.9.8zg-src/apps/x509.c', 'openssl/openssl-0.9.8zg-src/bugs/MS', 'openssl/openssl-0.9.8zg-src/bugs/SSLv3', 'openssl/openssl-0.9.8zg-src/bugs/alpha.c', 'openssl/openssl-0.9.8zg-src/bugs/dggccbug.c', 'openssl/openssl-0.9.8zg-src/bugs/sgiccbug.c', 'openssl/openssl-0.9.8zg-src/bugs/sslref.dif', 'openssl/openssl-0.9.8zg-src/bugs/stream.c', 'openssl/openssl-0.9.8zg-src/bugs/ultrixcc.c', 'openssl/openssl-0.9.8zg-src/certs/README.RootCerts', 'openssl/openssl-0.9.8zg-src/certs/demo/ca-cert.pem', 'openssl/openssl-0.9.8zg-src/certs/demo/dsa-ca.pem', 'openssl/openssl-0.9.8zg-src/certs/demo/dsa-pca.pem', 'openssl/openssl-0.9.8zg-src/certs/demo/pca-cert.pem', 'openssl/openssl-0.9.8zg-src/certs/expired/ICE.crl', 'openssl/openssl-0.9.8zg-src/config', 'openssl/openssl-0.9.8zg-src/crypto/LPdir_nyi.c', 'openssl/openssl-0.9.8zg-src/crypto/LPdir_unix.c', 'openssl/openssl-0.9.8zg-src/crypto/LPdir_vms.c', 'openssl/openssl-0.9.8zg-src/crypto/LPdir_win.c', 'openssl/openssl-0.9.8zg-src/crypto/LPdir_win32.c', 'openssl/openssl-0.9.8zg-src/crypto/LPdir_wince.c', 'openssl/openssl-0.9.8zg-src/crypto/Makefile', 'openssl/openssl-0.9.8zg-src/crypto/aes/Makefile', 'openssl/openssl-0.9.8zg-src/crypto/aes/README', 'openssl/openssl-0.9.8zg-src/crypto/aes/aes.h', 'openssl/openssl-0.9.8zg-src/crypto/aes/aes_cbc.c', 'openssl/openssl-0.9.8zg-src/crypto/aes/aes_cfb.c', 'openssl/openssl-0.9.8zg-src/crypto/aes/aes_core.c', 'openssl/openssl-0.9.8zg-src/crypto/aes/aes_ctr.c', 'openssl/openssl-0.9.8zg-src/crypto/aes/aes_ecb.c', 'openssl/openssl-0.9.8zg-src/crypto/aes/aes_ige.c', 'openssl/openssl-0.9.8zg-src/crypto/aes/aes_locl.h', 'openssl/openssl-0.9.8zg-src/crypto/aes/aes_misc.c', 'openssl/openssl-0.9.8zg-src/crypto/aes/aes_ofb.c', 'openssl/openssl-0.9.8zg-src/crypto/aes/aes_wrap.c', 'openssl/openssl-0.9.8zg-src/crypto/aes/asm/aes-586.pl', 'openssl/openssl-0.9.8zg-src/crypto/aes/asm/aes-ia64.S', 'openssl/openssl-0.9.8zg-src/crypto/aes/asm/aes-x86_64.pl', 'openssl/openssl-0.9.8zg-src/crypto/asn1/Makefile', 'openssl/openssl-0.9.8zg-src/crypto/asn1/a_bitstr.c', 'openssl/openssl-0.9.8zg-src/crypto/asn1/a_bool.c', 'openssl/openssl-0.9.8zg-src/crypto/asn1/a_bytes.c', 'openssl/openssl-0.9.8zg-src/crypto/asn1/a_d2i_fp.c', 'openssl/openssl-0.9.8zg-src/crypto/asn1/a_digest.c', 'openssl/openssl-0.9.8zg-src/crypto/asn1/a_dup.c', 'openssl/openssl-0.9.8zg-src/crypto/asn1/a_enum.c', 'openssl/openssl-0.9.8zg-src/crypto/asn1/a_gentm.c', 'openssl/openssl-0.9.8zg-src/crypto/asn1/a_hdr.c', 'openssl/openssl-0.9.8zg-src/crypto/asn1/a_i2d_fp.c', 'openssl/openssl-0.9.8zg-src/crypto/asn1/a_int.c', 'openssl/openssl-0.9.8zg-src/crypto/asn1/a_mbstr.c', 'openssl/openssl-0.9.8zg-src/crypto/asn1/a_meth.c', 'openssl/openssl-0.9.8zg-src/crypto/asn1/a_object.c', 'openssl/openssl-0.9.8zg-src/crypto/asn1/a_octet.c', 'openssl/openssl-0.9.8zg-src/crypto/asn1/a_print.c', 'openssl/openssl-0.9.8zg-src/crypto/asn1/a_set.c', 'openssl/openssl-0.9.8zg-src/crypto/asn1/a_sign.c', 'openssl/openssl-0.9.8zg-src/crypto/asn1/a_strex.c', 'openssl/openssl-0.9.8zg-src/crypto/asn1/a_strnid.c', 'openssl/openssl-0.9.8zg-src/crypto/asn1/a_time.c', 'openssl/openssl-0.9.8zg-src/crypto/asn1/a_type.c', 'openssl/openssl-0.9.8zg-src/crypto/asn1/a_utctm.c', 'openssl/openssl-0.9.8zg-src/crypto/asn1/a_utf8.c', 'openssl/openssl-0.9.8zg-src/crypto/asn1/a_verify.c', 'openssl/openssl-0.9.8zg-src/crypto/asn1/asn1.h', 'openssl/openssl-0.9.8zg-src/crypto/asn1/asn1_err.c', 'openssl/openssl-0.9.8zg-src/crypto/asn1/asn1_gen.c', 'openssl/openssl-0.9.8zg-src/crypto/asn1/asn1_lib.c', 'openssl/openssl-0.9.8zg-src/crypto/asn1/asn1_mac.h', 'openssl/openssl-0.9.8zg-src/crypto/asn1/asn1_par.c', 'openssl/openssl-0.9.8zg-src/crypto/asn1/asn1t.h', 'openssl/openssl-0.9.8zg-src/crypto/asn1/asn_mime.c', 'openssl/openssl-0.9.8zg-src/crypto/asn1/asn_moid.c', 'openssl/openssl-0.9.8zg-src/crypto/asn1/asn_pack.c', 'openssl/openssl-0.9.8zg-src/crypto/asn1/charmap.h', 'openssl/openssl-0.9.8zg-src/crypto/asn1/charmap.pl', 'openssl/openssl-0.9.8zg-src/crypto/asn1/d2i_pr.c', 'openssl/openssl-0.9.8zg-src/crypto/asn1/d2i_pu.c', 'openssl/openssl-0.9.8zg-src/crypto/asn1/evp_asn1.c', 'openssl/openssl-0.9.8zg-src/crypto/asn1/f_enum.c', 'openssl/openssl-0.9.8zg-src/crypto/asn1/f_int.c', 'openssl/openssl-0.9.8zg-src/crypto/asn1/f_string.c', 'openssl/openssl-0.9.8zg-src/crypto/asn1/i2d_pr.c', 'openssl/openssl-0.9.8zg-src/crypto/asn1/i2d_pu.c', 'openssl/openssl-0.9.8zg-src/crypto/asn1/n_pkey.c', 'openssl/openssl-0.9.8zg-src/crypto/asn1/nsseq.c', 'openssl/openssl-0.9.8zg-src/crypto/asn1/p5_pbe.c', 'openssl/openssl-0.9.8zg-src/crypto/asn1/p5_pbev2.c', 'openssl/openssl-0.9.8zg-src/crypto/asn1/p8_key.c', 'openssl/openssl-0.9.8zg-src/crypto/asn1/p8_pkey.c', 'openssl/openssl-0.9.8zg-src/crypto/asn1/t_bitst.c', 'openssl/openssl-0.9.8zg-src/crypto/asn1/t_crl.c', 'openssl/openssl-0.9.8zg-src/crypto/asn1/t_pkey.c', 'openssl/openssl-0.9.8zg-src/crypto/asn1/t_req.c', 'openssl/openssl-0.9.8zg-src/crypto/asn1/t_spki.c', 'openssl/openssl-0.9.8zg-src/crypto/asn1/t_x509.c', 'openssl/openssl-0.9.8zg-src/crypto/asn1/t_x509a.c', 'openssl/openssl-0.9.8zg-src/crypto/asn1/tasn_dec.c', 'openssl/openssl-0.9.8zg-src/crypto/asn1/tasn_enc.c', 'openssl/openssl-0.9.8zg-src/crypto/asn1/tasn_fre.c', 'openssl/openssl-0.9.8zg-src/crypto/asn1/tasn_new.c', 'openssl/openssl-0.9.8zg-src/crypto/asn1/tasn_prn.c', 'openssl/openssl-0.9.8zg-src/crypto/asn1/tasn_typ.c', 'openssl/openssl-0.9.8zg-src/crypto/asn1/tasn_utl.c', 'openssl/openssl-0.9.8zg-src/crypto/asn1/x_algor.c', 'openssl/openssl-0.9.8zg-src/crypto/asn1/x_attrib.c', 'openssl/openssl-0.9.8zg-src/crypto/asn1/x_bignum.c', 'openssl/openssl-0.9.8zg-src/crypto/asn1/x_crl.c', 'openssl/openssl-0.9.8zg-src/crypto/asn1/x_exten.c', 'openssl/openssl-0.9.8zg-src/crypto/asn1/x_info.c', 'openssl/openssl-0.9.8zg-src/crypto/asn1/x_long.c', 'openssl/openssl-0.9.8zg-src/crypto/asn1/x_name.c', 'openssl/openssl-0.9.8zg-src/crypto/asn1/x_pkey.c', 'openssl/openssl-0.9.8zg-src/crypto/asn1/x_pubkey.c', 'openssl/openssl-0.9.8zg-src/crypto/asn1/x_req.c', 'openssl/openssl-0.9.8zg-src/crypto/asn1/x_sig.c', 'openssl/openssl-0.9.8zg-src/crypto/asn1/x_spki.c', 'openssl/openssl-0.9.8zg-src/crypto/asn1/x_val.c', 'openssl/openssl-0.9.8zg-src/crypto/asn1/x_x509.c', 'openssl/openssl-0.9.8zg-src/crypto/asn1/x_x509a.c', 'openssl/openssl-0.9.8zg-src/crypto/bf/COPYRIGHT', 'openssl/openssl-0.9.8zg-src/crypto/bf/INSTALL'];https://github.com/joyent/illumos-extra/pull/60;https://api.github.com/repos/joyent/illumos-extra/pulls/60/commits;535871;closed
1406252;danmcd;OS-8320 Add CVE-2021-41617 patch to OpenSSH;joyent/illumos-extra;[1612974];['bahamat'];2021-09-27T14:48:18Z;2021-09-27T16:21:00Z;['openssh/Patches/0033-CVE-2021-41617.patch'];https://github.com/joyent/illumos-extra/pull/58;https://api.github.com/repos/joyent/illumos-extra/pulls/58/commits;25;closed
1406252;danmcd;OS-5129 Figure out openssl platform 0.9.8 deprecation plan;joyent/illumos-extra;[792549];['papertigers'];2021-09-21T15:39:03Z;2021-10-07T22:32:47Z;['Makefile', 'openssl/Makefile', 'openssl/Makefile.com', 'openssl/configure.patch', 'openssl/engine_pkcs11/hw_pk11.c', 'openssl/engine_pkcs11/hw_pk11.h', 'openssl/engine_pkcs11/hw_pk11_err.c', 'openssl/engine_pkcs11/hw_pk11_err.h', 'openssl/engine_pkcs11/hw_pk11_pub.c', 'openssl/engine_pkcs11/hw_pk11_uri.c', 'openssl/engine_pkcs11/hw_pk11_uri.h', 'openssl/install-sfw', 'openssl/install-sfw-64', 'openssl/limits.patch', 'openssl/openssl-0.9.8zg-src/ACKNOWLEDGMENTS', 'openssl/openssl-0.9.8zg-src/CHANGES', 'openssl/openssl-0.9.8zg-src/CHANGES.SSLeay', 'openssl/openssl-0.9.8zg-src/Configure', 'openssl/openssl-0.9.8zg-src/FAQ', 'openssl/openssl-0.9.8zg-src/INSTALL', 'openssl/openssl-0.9.8zg-src/INSTALL.DJGPP', 'openssl/openssl-0.9.8zg-src/INSTALL.MacOS', 'openssl/openssl-0.9.8zg-src/INSTALL.NW', 'openssl/openssl-0.9.8zg-src/INSTALL.OS2', 'openssl/openssl-0.9.8zg-src/INSTALL.VMS', 'openssl/openssl-0.9.8zg-src/INSTALL.W32', 'openssl/openssl-0.9.8zg-src/INSTALL.W64', 'openssl/openssl-0.9.8zg-src/INSTALL.WCE', 'openssl/openssl-0.9.8zg-src/LICENSE', 'openssl/openssl-0.9.8zg-src/MacOS/GUSI_Init.cpp', 'openssl/openssl-0.9.8zg-src/MacOS/GetHTTPS.src/CPStringUtils.cpp', 'openssl/openssl-0.9.8zg-src/MacOS/GetHTTPS.src/CPStringUtils.hpp', 'openssl/openssl-0.9.8zg-src/MacOS/GetHTTPS.src/ErrorHandling.cpp', 'openssl/openssl-0.9.8zg-src/MacOS/GetHTTPS.src/ErrorHandling.hpp', 'openssl/openssl-0.9.8zg-src/MacOS/GetHTTPS.src/GetHTTPS.cpp', 'openssl/openssl-0.9.8zg-src/MacOS/GetHTTPS.src/MacSocket.cpp', 'openssl/openssl-0.9.8zg-src/MacOS/GetHTTPS.src/MacSocket.h', 'openssl/openssl-0.9.8zg-src/MacOS/OpenSSL.mcp.hqx', 'openssl/openssl-0.9.8zg-src/MacOS/Randomizer.cpp', 'openssl/openssl-0.9.8zg-src/MacOS/Randomizer.h', 'openssl/openssl-0.9.8zg-src/MacOS/TODO', 'openssl/openssl-0.9.8zg-src/MacOS/_MWERKS_GUSI_prefix.h', 'openssl/openssl-0.9.8zg-src/MacOS/_MWERKS_prefix.h', 'openssl/openssl-0.9.8zg-src/MacOS/buildinf.h', 'openssl/openssl-0.9.8zg-src/MacOS/mklinks.as.hqx', 'openssl/openssl-0.9.8zg-src/MacOS/opensslconf.h', 'openssl/openssl-0.9.8zg-src/Makefile', 'openssl/openssl-0.9.8zg-src/Makefile.bak', 'openssl/openssl-0.9.8zg-src/Makefile.org', 'openssl/openssl-0.9.8zg-src/Makefile.shared', 'openssl/openssl-0.9.8zg-src/NEWS', 'openssl/openssl-0.9.8zg-src/Netware/build.bat', 'openssl/openssl-0.9.8zg-src/Netware/cpy_tests.bat', 'openssl/openssl-0.9.8zg-src/Netware/do_tests.pl', 'openssl/openssl-0.9.8zg-src/Netware/globals.txt', 'openssl/openssl-0.9.8zg-src/Netware/readme.txt', 'openssl/openssl-0.9.8zg-src/Netware/set_env.bat', 'openssl/openssl-0.9.8zg-src/PROBLEMS', 'openssl/openssl-0.9.8zg-src/README', 'openssl/openssl-0.9.8zg-src/README.ASN1', 'openssl/openssl-0.9.8zg-src/README.ENGINE', 'openssl/openssl-0.9.8zg-src/VMS/TODO', 'openssl/openssl-0.9.8zg-src/VMS/VMSify-conf.pl', 'openssl/openssl-0.9.8zg-src/VMS/WISHLIST.TXT', 'openssl/openssl-0.9.8zg-src/VMS/install.com', 'openssl/openssl-0.9.8zg-src/VMS/mkshared.com', 'openssl/openssl-0.9.8zg-src/VMS/multinet_shr.opt', 'openssl/openssl-0.9.8zg-src/VMS/openssl_utils.com', 'openssl/openssl-0.9.8zg-src/VMS/socketshr_shr.opt', 'openssl/openssl-0.9.8zg-src/VMS/tcpip_shr_decc.opt', 'openssl/openssl-0.9.8zg-src/VMS/test-includes.com', 'openssl/openssl-0.9.8zg-src/VMS/ucx_shr_decc.opt', 'openssl/openssl-0.9.8zg-src/VMS/ucx_shr_decc_log.opt', 'openssl/openssl-0.9.8zg-src/VMS/ucx_shr_vaxc.opt', 'openssl/openssl-0.9.8zg-src/apps/CA.com', 'openssl/openssl-0.9.8zg-src/apps/CA.pl', 'openssl/openssl-0.9.8zg-src/apps/CA.pl.in', 'openssl/openssl-0.9.8zg-src/apps/CA.sh', 'openssl/openssl-0.9.8zg-src/apps/Makefile', 'openssl/openssl-0.9.8zg-src/apps/app_rand.c', 'openssl/openssl-0.9.8zg-src/apps/apps.c', 'openssl/openssl-0.9.8zg-src/apps/apps.h', 'openssl/openssl-0.9.8zg-src/apps/asn1pars.c', 'openssl/openssl-0.9.8zg-src/apps/ca-cert.srl', 'openssl/openssl-0.9.8zg-src/apps/ca-key.pem', 'openssl/openssl-0.9.8zg-src/apps/ca-req.pem', 'openssl/openssl-0.9.8zg-src/apps/ca.c', 'openssl/openssl-0.9.8zg-src/apps/cert.pem', 'openssl/openssl-0.9.8zg-src/apps/ciphers.c', 'openssl/openssl-0.9.8zg-src/apps/client.pem', 'openssl/openssl-0.9.8zg-src/apps/cms.c', 'openssl/openssl-0.9.8zg-src/apps/crl.c', 'openssl/openssl-0.9.8zg-src/apps/crl2p7.c', 'openssl/openssl-0.9.8zg-src/apps/demoCA/cacert.pem', 'openssl/openssl-0.9.8zg-src/apps/demoCA/index.txt', 'openssl/openssl-0.9.8zg-src/apps/demoCA/private/cakey.pem', 'openssl/openssl-0.9.8zg-src/apps/demoCA/serial', 'openssl/openssl-0.9.8zg-src/apps/dgst.c', 'openssl/openssl-0.9.8zg-src/apps/dh.c', 'openssl/openssl-0.9.8zg-src/apps/dh1024.pem', 'openssl/openssl-0.9.8zg-src/apps/dh2048.pem', 'openssl/openssl-0.9.8zg-src/apps/dh4096.pem', 'openssl/openssl-0.9.8zg-src/apps/dh512.pem', 'openssl/openssl-0.9.8zg-src/apps/dhparam.c', 'openssl/openssl-0.9.8zg-src/apps/dsa-ca.pem', 'openssl/openssl-0.9.8zg-src/apps/dsa-pca.pem', 'openssl/openssl-0.9.8zg-src/apps/dsa.c', 'openssl/openssl-0.9.8zg-src/apps/dsa1024.pem', 'openssl/openssl-0.9.8zg-src/apps/dsa512.pem', 'openssl/openssl-0.9.8zg-src/apps/dsap.pem', 'openssl/openssl-0.9.8zg-src/apps/dsaparam.c', 'openssl/openssl-0.9.8zg-src/apps/ec.c', 'openssl/openssl-0.9.8zg-src/apps/ecparam.c', 'openssl/openssl-0.9.8zg-src/apps/enc.c', 'openssl/openssl-0.9.8zg-src/apps/engine.c', 'openssl/openssl-0.9.8zg-src/apps/errstr.c', 'openssl/openssl-0.9.8zg-src/apps/gendh.c', 'openssl/openssl-0.9.8zg-src/apps/gendsa.c', 'openssl/openssl-0.9.8zg-src/apps/genrsa.c', 'openssl/openssl-0.9.8zg-src/apps/install.com', 'openssl/openssl-0.9.8zg-src/apps/makeapps.com', 'openssl/openssl-0.9.8zg-src/apps/md4.c', 'openssl/openssl-0.9.8zg-src/apps/nseq.c', 'openssl/openssl-0.9.8zg-src/apps/ocsp.c', 'openssl/openssl-0.9.8zg-src/apps/oid.cnf', 'openssl/openssl-0.9.8zg-src/apps/openssl-vms.cnf', 'openssl/openssl-0.9.8zg-src/apps/openssl.c', 'openssl/openssl-0.9.8zg-src/apps/openssl.cnf', 'openssl/openssl-0.9.8zg-src/apps/passwd.c', 'openssl/openssl-0.9.8zg-src/apps/pca-cert.srl', 'openssl/openssl-0.9.8zg-src/apps/pca-key.pem', 'openssl/openssl-0.9.8zg-src/apps/pca-req.pem', 'openssl/openssl-0.9.8zg-src/apps/pkcs12.c', 'openssl/openssl-0.9.8zg-src/apps/pkcs7.c', 'openssl/openssl-0.9.8zg-src/apps/pkcs8.c', 'openssl/openssl-0.9.8zg-src/apps/prime.c', 'openssl/openssl-0.9.8zg-src/apps/privkey.pem', 'openssl/openssl-0.9.8zg-src/apps/progs.h', 'openssl/openssl-0.9.8zg-src/apps/progs.pl', 'openssl/openssl-0.9.8zg-src/apps/rand.c', 'openssl/openssl-0.9.8zg-src/apps/req.c', 'openssl/openssl-0.9.8zg-src/apps/req.pem', 'openssl/openssl-0.9.8zg-src/apps/rsa.c', 'openssl/openssl-0.9.8zg-src/apps/rsa8192.pem', 'openssl/openssl-0.9.8zg-src/apps/rsautl.c', 'openssl/openssl-0.9.8zg-src/apps/s1024key.pem', 'openssl/openssl-0.9.8zg-src/apps/s1024req.pem', 'openssl/openssl-0.9.8zg-src/apps/s512-key.pem', 'openssl/openssl-0.9.8zg-src/apps/s512-req.pem', 'openssl/openssl-0.9.8zg-src/apps/s_apps.h', 'openssl/openssl-0.9.8zg-src/apps/s_cb.c', 'openssl/openssl-0.9.8zg-src/apps/s_client.c', 'openssl/openssl-0.9.8zg-src/apps/s_server.c', 'openssl/openssl-0.9.8zg-src/apps/s_socket.c', 'openssl/openssl-0.9.8zg-src/apps/s_time.c', 'openssl/openssl-0.9.8zg-src/apps/server.pem', 'openssl/openssl-0.9.8zg-src/apps/server.srl', 'openssl/openssl-0.9.8zg-src/apps/server2.pem', 'openssl/openssl-0.9.8zg-src/apps/sess_id.c', 'openssl/openssl-0.9.8zg-src/apps/set/set-g-ca.pem', 'openssl/openssl-0.9.8zg-src/apps/set/set-m-ca.pem', 'openssl/openssl-0.9.8zg-src/apps/set/set_b_ca.pem', 'openssl/openssl-0.9.8zg-src/apps/set/set_c_ca.pem', 'openssl/openssl-0.9.8zg-src/apps/set/set_d_ct.pem', 'openssl/openssl-0.9.8zg-src/apps/set/set_root.pem', 'openssl/openssl-0.9.8zg-src/apps/smime.c', 'openssl/openssl-0.9.8zg-src/apps/speed.c', 'openssl/openssl-0.9.8zg-src/apps/spkac.c', 'openssl/openssl-0.9.8zg-src/apps/testCA.pem', 'openssl/openssl-0.9.8zg-src/apps/testdsa.h', 'openssl/openssl-0.9.8zg-src/apps/testrsa.h', 'openssl/openssl-0.9.8zg-src/apps/timeouts.h', 'openssl/openssl-0.9.8zg-src/apps/verify.c', 'openssl/openssl-0.9.8zg-src/apps/version.c', 'openssl/openssl-0.9.8zg-src/apps/winrand.c', 'openssl/openssl-0.9.8zg-src/apps/x509.c', 'openssl/openssl-0.9.8zg-src/bugs/MS', 'openssl/openssl-0.9.8zg-src/bugs/SSLv3', 'openssl/openssl-0.9.8zg-src/bugs/alpha.c', 'openssl/openssl-0.9.8zg-src/bugs/dggccbug.c', 'openssl/openssl-0.9.8zg-src/bugs/sgiccbug.c', 'openssl/openssl-0.9.8zg-src/bugs/sslref.dif', 'openssl/openssl-0.9.8zg-src/bugs/stream.c', 'openssl/openssl-0.9.8zg-src/bugs/ultrixcc.c', 'openssl/openssl-0.9.8zg-src/certs/README.RootCerts', 'openssl/openssl-0.9.8zg-src/certs/demo/ca-cert.pem', 'openssl/openssl-0.9.8zg-src/certs/demo/dsa-ca.pem', 'openssl/openssl-0.9.8zg-src/certs/demo/dsa-pca.pem', 'openssl/openssl-0.9.8zg-src/certs/demo/pca-cert.pem', 'openssl/openssl-0.9.8zg-src/certs/expired/ICE.crl', 'openssl/openssl-0.9.8zg-src/config', 'openssl/openssl-0.9.8zg-src/crypto/LPdir_nyi.c', 'openssl/openssl-0.9.8zg-src/crypto/LPdir_unix.c', 'openssl/openssl-0.9.8zg-src/crypto/LPdir_vms.c', 'openssl/openssl-0.9.8zg-src/crypto/LPdir_win.c', 'openssl/openssl-0.9.8zg-src/crypto/LPdir_win32.c', 'openssl/openssl-0.9.8zg-src/crypto/LPdir_wince.c', 'openssl/openssl-0.9.8zg-src/crypto/Makefile', 'openssl/openssl-0.9.8zg-src/crypto/aes/Makefile', 'openssl/openssl-0.9.8zg-src/crypto/aes/README', 'openssl/openssl-0.9.8zg-src/crypto/aes/aes.h', 'openssl/openssl-0.9.8zg-src/crypto/aes/aes_cbc.c', 'openssl/openssl-0.9.8zg-src/crypto/aes/aes_cfb.c', 'openssl/openssl-0.9.8zg-src/crypto/aes/aes_core.c', 'openssl/openssl-0.9.8zg-src/crypto/aes/aes_ctr.c', 'openssl/openssl-0.9.8zg-src/crypto/aes/aes_ecb.c', 'openssl/openssl-0.9.8zg-src/crypto/aes/aes_ige.c', 'openssl/openssl-0.9.8zg-src/crypto/aes/aes_locl.h', 'openssl/openssl-0.9.8zg-src/crypto/aes/aes_misc.c', 'openssl/openssl-0.9.8zg-src/crypto/aes/aes_ofb.c', 'openssl/openssl-0.9.8zg-src/crypto/aes/aes_wrap.c', 'openssl/openssl-0.9.8zg-src/crypto/aes/asm/aes-586.pl', 'openssl/openssl-0.9.8zg-src/crypto/aes/asm/aes-ia64.S', 'openssl/openssl-0.9.8zg-src/crypto/aes/asm/aes-x86_64.pl', 'openssl/openssl-0.9.8zg-src/crypto/asn1/Makefile', 'openssl/openssl-0.9.8zg-src/crypto/asn1/a_bitstr.c', 'openssl/openssl-0.9.8zg-src/crypto/asn1/a_bool.c', 'openssl/openssl-0.9.8zg-src/crypto/asn1/a_bytes.c', 'openssl/openssl-0.9.8zg-src/crypto/asn1/a_d2i_fp.c', 'openssl/openssl-0.9.8zg-src/crypto/asn1/a_digest.c', 'openssl/openssl-0.9.8zg-src/crypto/asn1/a_dup.c', 'openssl/openssl-0.9.8zg-src/crypto/asn1/a_enum.c', 'openssl/openssl-0.9.8zg-src/crypto/asn1/a_gentm.c', 'openssl/openssl-0.9.8zg-src/crypto/asn1/a_hdr.c', 'openssl/openssl-0.9.8zg-src/crypto/asn1/a_i2d_fp.c', 'openssl/openssl-0.9.8zg-src/crypto/asn1/a_int.c', 'openssl/openssl-0.9.8zg-src/crypto/asn1/a_mbstr.c', 'openssl/openssl-0.9.8zg-src/crypto/asn1/a_meth.c', 'openssl/openssl-0.9.8zg-src/crypto/asn1/a_object.c', 'openssl/openssl-0.9.8zg-src/crypto/asn1/a_octet.c', 'openssl/openssl-0.9.8zg-src/crypto/asn1/a_print.c', 'openssl/openssl-0.9.8zg-src/crypto/asn1/a_set.c', 'openssl/openssl-0.9.8zg-src/crypto/asn1/a_sign.c', 'openssl/openssl-0.9.8zg-src/crypto/asn1/a_strex.c', 'openssl/openssl-0.9.8zg-src/crypto/asn1/a_strnid.c', 'openssl/openssl-0.9.8zg-src/crypto/asn1/a_time.c', 'openssl/openssl-0.9.8zg-src/crypto/asn1/a_type.c', 'openssl/openssl-0.9.8zg-src/crypto/asn1/a_utctm.c', 'openssl/openssl-0.9.8zg-src/crypto/asn1/a_utf8.c', 'openssl/openssl-0.9.8zg-src/crypto/asn1/a_verify.c', 'openssl/openssl-0.9.8zg-src/crypto/asn1/asn1.h', 'openssl/openssl-0.9.8zg-src/crypto/asn1/asn1_err.c', 'openssl/openssl-0.9.8zg-src/crypto/asn1/asn1_gen.c', 'openssl/openssl-0.9.8zg-src/crypto/asn1/asn1_lib.c', 'openssl/openssl-0.9.8zg-src/crypto/asn1/asn1_mac.h', 'openssl/openssl-0.9.8zg-src/crypto/asn1/asn1_par.c', 'openssl/openssl-0.9.8zg-src/crypto/asn1/asn1t.h', 'openssl/openssl-0.9.8zg-src/crypto/asn1/asn_mime.c', 'openssl/openssl-0.9.8zg-src/crypto/asn1/asn_moid.c', 'openssl/openssl-0.9.8zg-src/crypto/asn1/asn_pack.c', 'openssl/openssl-0.9.8zg-src/crypto/asn1/charmap.h', 'openssl/openssl-0.9.8zg-src/crypto/asn1/charmap.pl', 'openssl/openssl-0.9.8zg-src/crypto/asn1/d2i_pr.c', 'openssl/openssl-0.9.8zg-src/crypto/asn1/d2i_pu.c', 'openssl/openssl-0.9.8zg-src/crypto/asn1/evp_asn1.c', 'openssl/openssl-0.9.8zg-src/crypto/asn1/f_enum.c', 'openssl/openssl-0.9.8zg-src/crypto/asn1/f_int.c', 'openssl/openssl-0.9.8zg-src/crypto/asn1/f_string.c', 'openssl/openssl-0.9.8zg-src/crypto/asn1/i2d_pr.c', 'openssl/openssl-0.9.8zg-src/crypto/asn1/i2d_pu.c', 'openssl/openssl-0.9.8zg-src/crypto/asn1/n_pkey.c', 'openssl/openssl-0.9.8zg-src/crypto/asn1/nsseq.c', 'openssl/openssl-0.9.8zg-src/crypto/asn1/p5_pbe.c', 'openssl/openssl-0.9.8zg-src/crypto/asn1/p5_pbev2.c', 'openssl/openssl-0.9.8zg-src/crypto/asn1/p8_key.c', 'openssl/openssl-0.9.8zg-src/crypto/asn1/p8_pkey.c', 'openssl/openssl-0.9.8zg-src/crypto/asn1/t_bitst.c', 'openssl/openssl-0.9.8zg-src/crypto/asn1/t_crl.c', 'openssl/openssl-0.9.8zg-src/crypto/asn1/t_pkey.c', 'openssl/openssl-0.9.8zg-src/crypto/asn1/t_req.c', 'openssl/openssl-0.9.8zg-src/crypto/asn1/t_spki.c', 'openssl/openssl-0.9.8zg-src/crypto/asn1/t_x509.c', 'openssl/openssl-0.9.8zg-src/crypto/asn1/t_x509a.c', 'openssl/openssl-0.9.8zg-src/crypto/asn1/tasn_dec.c', 'openssl/openssl-0.9.8zg-src/crypto/asn1/tasn_enc.c', 'openssl/openssl-0.9.8zg-src/crypto/asn1/tasn_fre.c', 'openssl/openssl-0.9.8zg-src/crypto/asn1/tasn_new.c', 'openssl/openssl-0.9.8zg-src/crypto/asn1/tasn_prn.c', 'openssl/openssl-0.9.8zg-src/crypto/asn1/tasn_typ.c', 'openssl/openssl-0.9.8zg-src/crypto/asn1/tasn_utl.c', 'openssl/openssl-0.9.8zg-src/crypto/asn1/x_algor.c', 'openssl/openssl-0.9.8zg-src/crypto/asn1/x_attrib.c', 'openssl/openssl-0.9.8zg-src/crypto/asn1/x_bignum.c', 'openssl/openssl-0.9.8zg-src/crypto/asn1/x_crl.c', 'openssl/openssl-0.9.8zg-src/crypto/asn1/x_exten.c', 'openssl/openssl-0.9.8zg-src/crypto/asn1/x_info.c', 'openssl/openssl-0.9.8zg-src/crypto/asn1/x_long.c', 'openssl/openssl-0.9.8zg-src/crypto/asn1/x_name.c', 'openssl/openssl-0.9.8zg-src/crypto/asn1/x_pkey.c', 'openssl/openssl-0.9.8zg-src/crypto/asn1/x_pubkey.c', 'openssl/openssl-0.9.8zg-src/crypto/asn1/x_req.c', 'openssl/openssl-0.9.8zg-src/crypto/asn1/x_sig.c', 'openssl/openssl-0.9.8zg-src/crypto/asn1/x_spki.c', 'openssl/openssl-0.9.8zg-src/crypto/asn1/x_val.c', 'openssl/openssl-0.9.8zg-src/crypto/asn1/x_x509.c', 'openssl/openssl-0.9.8zg-src/crypto/asn1/x_x509a.c', 'openssl/openssl-0.9.8zg-src/crypto/bf/COPYRIGHT', 'openssl/openssl-0.9.8zg-src/crypto/bf/INSTALL', 'openssl/openssl-0.9.8zg-src/crypto/bf/Makefile', 'openssl/openssl-0.9.8zg-src/crypto/bf/README', 'manifest', 'openssh/Patches/0033-CVE-2021-41617.patch'];https://github.com/joyent/illumos-extra/pull/57;https://api.github.com/repos/joyent/illumos-extra/pulls/57/commits;25;closed
1406252;danmcd;OS-8314 Address CVE-2021-3712 for OpenSSL 1.0.2 in illumos-extra;joyent/illumos-extra;[792549];['papertigers'];2021-09-02T21:27:37Z;2021-09-03T18:20:43Z;['openssl1x/Patches/0013-CVE-2021-3712.patch', 'openssl1x/sunw_prefix.h'];https://github.com/joyent/illumos-extra/pull/55;https://api.github.com/repos/joyent/illumos-extra/pulls/55/commits;380;closed
1406252;danmcd;OS-8313 Addition of memrchr breaks illumos-extra gnupg build;joyent/illumos-extra;[792549];['papertigers'];2021-08-25T05:13:35Z;2021-09-02T21:25:37Z;['gnupg/Patches/0002-OS-8313-use-proto-libs.patch', 'gnupg/Patches/0002-OS-8313-use-proto-libs.patch', 'gnupg/Patches/0002-OS-8313-use-proto-libs.patch', 'gnupg/Patches/0002-OS-8313-use-proto-libs.patch', 'gnupg/Patches/0002-OS-8313-use-proto-libs.patch', 'gnupg/Patches/0002-OS-8313-use-proto-libs.patch', 'gnupg/Patches/0002-OS-8313-use-proto-libs.patch', 'gnupg/Patches/0002-OS-8313-use-proto-libs.patch', 'gnupg/Patches/0002-OS-8313-use-proto-libs.patch', 'gnupg/Patches/0002-OS-8313-use-proto-libs.patch'];https://github.com/joyent/illumos-extra/pull/54;https://api.github.com/repos/joyent/illumos-extra/pulls/54/commits;2;closed
1406252;danmcd;OS-8313 Addition of memrchr breaks illumos-extra gnupg build;joyent/illumos-extra;[792549];['papertigers'];2021-08-25T04:48:57Z;2021-08-25T14:59:42Z;['gnupg/Patches/0002-OS-8313-do-not-check.patch'];https://github.com/joyent/illumos-extra/pull/53;https://api.github.com/repos/joyent/illumos-extra/pulls/53/commits;16;closed
1406252;danmcd;OS-8272 OpenSSL 1.0.2 Updates;joyent/illumos-extra;[1612974];['bahamat'];2021-02-19T02:29:37Z;2021-02-19T18:13:58Z;['openssl1x/Patches/0009-CVE-2021-23840-pre2.patch', 'openssl1x/Patches/0010-CVE-2021-23840.patch', 'openssl1x/Patches/0011-CVE-2021-23841.patch', 'openssl1x/Patches/0008-CVE-2020-1968.patch', 'openssl1x/Patches/0009-CVE-2020-1971.patch', 'openssl1x/Patches/0010-CVE-2021-23840-pre2.patch', 'openssl1x/Patches/0011-CVE-2021-23840.patch', 'openssl1x/Patches/0012-CVE-2021-23841.patch', 'openssl1x/Makefile', 'openssl1x/openssl-1.0.2n.tar.gz', 'openssl1x/openssl-1.0.2u.tar.gz', 'openssl1x/Patches/0007-Fix-gcc-4.4.4-bad-uninitialized-variable-warning.patch', 'openssl1x/sunw_prefix.h'];https://github.com/joyent/illumos-extra/pull/50;https://api.github.com/repos/joyent/illumos-extra/pulls/50/commits;16;closed
1406252;danmcd;OS-8246 Put -lssp first in Perl builds;joyent/illumos-extra;[792549];['papertigers'];2020-11-04T19:37:58Z;2020-11-05T15:49:27Z;['perl/Makefile'];https://github.com/joyent/illumos-extra/pull/43;https://api.github.com/repos/joyent/illumos-extra/pulls/43/commits;2;closed
1008008;jasonbking;OS-8171 libutempter now in proto, screen runs tests and that's a no-no;joyent/illumos-extra;[21101340];['jlevon'];2020-05-13T05:56:24Z;2020-05-13T14:25:44Z;['screen/Makefile', 'screen/Makefile'];https://github.com/joyent/illumos-extra/pull/39;https://api.github.com/repos/joyent/illumos-extra/pulls/39/commits;6;closed
21101340;jlevon;OS-8163 update to vim 8.2;joyent/illumos-extra;[46866];['trentm'];2020-04-24T12:14:28Z;2020-04-29T09:43:24Z;['.gitignore', 'manifest', 'vim/Makefile', 'vim/vim-8.2.tar.bz2', 'vim/vim73.tar.bz2'];https://github.com/joyent/illumos-extra/pull/37;https://api.github.com/repos/joyent/illumos-extra/pulls/37/commits;3290;closed
21101340;jlevon;OS-7324 upgrade ipmitool to version 1.8.18;joyent/illumos-extra;[1532454, 1612974];['markebrooks', 'bahamat'];2020-04-16T13:51:51Z;2020-04-23T10:21:32Z;['ipmitool/Makefile', 'ipmitool/Patches/configure.diff', 'ipmitool/Patches/ipmi_sdr_get_record.diff', 'ipmitool/Patches/lib.diff', 'ipmitool/Patches/macro.diff', 'ipmitool/Patches/s6_addr16.diff', 'ipmitool/Patches/src.diff', 'ipmitool/ipmitool-1.8.14.tar.gz', 'ipmitool/ipmitool-1.8.18.tar.gz', 'ipmitool/Makefile', 'ipmitool/Patches/MAX.diff', 'ipmitool/Patches/lib.diff', 'ipmitool/Patches/s6_addr16.diff'];https://github.com/joyent/illumos-extra/pull/36;https://api.github.com/repos/joyent/illumos-extra/pulls/36/commits;110;closed
1406252;danmcd;OS-8355 We never shipped upanic.h;joyent/illumos-joyent;[792549];['papertigers'];2022-02-16T15:33:53Z;2022-02-16T15:50:42Z;['manifest'];https://github.com/joyent/illumos-joyent/pull/392;https://api.github.com/repos/joyent/illumos-joyent/pulls/392/commits;1;closed
1406252;danmcd;OS-8350 OS-3792 forced hardlink to a symlink;joyent/illumos-joyent;[792549];['papertigers'];2022-02-07T18:47:35Z;2022-02-07T19:00:02Z;['manifest'];https://github.com/joyent/illumos-joyent/pull/390;https://api.github.com/repos/joyent/illumos-joyent/pulls/390/commits;2;closed
1406252;danmcd;OS-8347 Update SmartOS to support illumos 13917;joyent/illumos-joyent;[1612974];['bahamat'];2022-01-25T20:15:27Z;2022-01-27T22:00:10Z;['usr/src/uts/common/brand/lx/os/lx_misc.c', 'usr/src/cmd/svc/milestone/net-physical', 'usr/src/uts/common/fs/sockfs/sockcommon.c', 'usr/src/uts/common/fs/ufs/ufs_dir.c', 'usr/src/uts/common/io/ksocket/ksocket.c', 'usr/src/uts/common/io/ksocket/ksocket_impl.h', 'usr/src/uts/common/sys/fs/ufs_fsdir.h', 'usr/src/uts/common/sys/ksocket.h', 'usr/src/uts/common/disp/thread.c', 'usr/src/uts/common/io/bnxe/577xx/drivers/common/lm/device/bnxe_context.c', 'usr/src/uts/common/os/cap_util.c', 'usr/src/uts/common/os/kcpc.c', 'usr/src/uts/common/os/schedctl.c', 'usr/src/uts/common/sys/kcpc.h', 'usr/src/uts/common/sys/proc.h', 'usr/src/uts/i86pc/io/vmm/vmm.c', 'usr/src/uts/i86xpv/os/xen_machdep.c', 'usr/src/uts/intel/os/archdep.c', 'usr/src/uts/intel/os/cpc_subr.c', 'usr/src/uts/intel/os/desctbls.c', 'usr/src/uts/intel/os/fpu.c', 'usr/src/uts/intel/os/sundep.c', 'usr/src/uts/intel/os/sysi86.c', 'usr/src/uts/intel/sys/archsystm.h', 'usr/src/uts/intel/sys/hypervisor.h', 'usr/src/uts/sun4/ml/subr_asm.s', 'usr/src/uts/sun4u/os/cpc_subr.c', 'usr/src/uts/sun4v/os/cpc_subr.c'];https://github.com/joyent/illumos-joyent/pull/389;https://api.github.com/repos/joyent/illumos-joyent/pulls/389/commits;648;closed
1406252;danmcd;OS-8323 Get the lint out of varpd & libvarpd;joyent/illumos-joyent;[792549];['papertigers'];2021-10-05T20:53:59Z;2021-10-05T21:27:40Z;['usr/src/cmd/varpd/Makefile', 'usr/src/lib/varpd/Makefile', 'usr/src/lib/varpd/direct/Makefile', 'usr/src/lib/varpd/direct/Makefile.com', 'usr/src/lib/varpd/files/Makefile', 'usr/src/lib/varpd/files/Makefile.com', 'usr/src/lib/varpd/libvarpd/Makefile', 'usr/src/lib/varpd/libvarpd/Makefile.com', 'usr/src/lib/varpd/svp/Makefile', 'usr/src/lib/varpd/svp/Makefile.com', 'usr/src/lib/varpd/libvarpd/Makefile'];https://github.com/joyent/illumos-joyent/pull/379;https://api.github.com/repos/joyent/illumos-joyent/pulls/379/commits;4;closed
1406252;danmcd;OS-8322 Prep illumos-joyent for gcc10;joyent/illumos-joyent;[792549];['papertigers'];2021-10-04T20:35:17Z;2021-10-08T15:24:45Z;['usr/src/cmd/varpd/varpd.c', 'usr/src/cmd/zoneadmd/zfd.c', 'usr/src/cmd/zoneadmd/zoneadmd.c', 'usr/src/lib/varpd/libvarpd/common/libvarpd.h', 'usr/src/lib/varpd/libvarpd/common/libvarpd_overlay.c', 'usr/src/uts/common/io/zfd.c', 'usr/src/uts/common/io/simnet/simnet.c', 'usr/src/uts/common/io/simnet/simnet_impl.h', 'usr/src/uts/common/io/vnic/vnic_dev.c', 'usr/src/cmd/zoneadmd/zoneadmd.c', 'exception_lists/cstyle', 'exception_lists/hdrchk', 'exception_lists/packaging', 'exception_lists/wscheck', 'manifest', 'usr/src/Makefile.master', 'usr/src/Makefile.master.64', 'usr/src/cmd/bhyve/Makefile', 'usr/src/cmd/bhyve/README.sync', 'usr/src/cmd/bhyve/pci_virtio_9p.c', 'usr/src/cmd/varpd/Makefile', 'usr/src/lib/Makefile', 'usr/src/lib/lib9p/COPYRIGHT', 'usr/src/lib/lib9p/COPYRIGHT.descrip', 'usr/src/lib/lib9p/Makefile', 'usr/src/lib/lib9p/Makefile.com', 'usr/src/lib/lib9p/amd64/Makefile', 'usr/src/lib/lib9p/common/backend/backend.h', 'usr/src/lib/lib9p/common/backend/fs.c', 'usr/src/lib/lib9p/common/backend/fs.h', 'usr/src/lib/lib9p/common/connection.c', 'usr/src/lib/lib9p/common/fcall.h', 'usr/src/lib/lib9p/common/fid.h', 'usr/src/lib/lib9p/common/genacl.c', 'usr/src/lib/lib9p/common/genacl.h', 'usr/src/lib/lib9p/common/hashtable.c', 'usr/src/lib/lib9p/common/hashtable.h', 'usr/src/lib/lib9p/common/illumos_endian.h', 'usr/src/lib/lib9p/common/lib9p.h', 'usr/src/lib/lib9p/common/lib9p_impl.h', 'usr/src/lib/lib9p/common/linux_errno.h', 'usr/src/lib/lib9p/common/log.c', 'usr/src/lib/lib9p/common/log.h', 'usr/src/lib/lib9p/common/pack.c', 'usr/src/lib/lib9p/common/request.c', 'usr/src/lib/lib9p/common/rfuncs.c', 'usr/src/lib/lib9p/common/rfuncs.h', 'usr/src/lib/lib9p/common/sbuf/sbuf.c', 'usr/src/lib/lib9p/common/sbuf/sbuf.h', 'usr/src/lib/lib9p/common/threadpool.c', 'usr/src/lib/lib9p/common/threadpool.h', 'usr/src/lib/lib9p/common/transport/socket.c', 'usr/src/lib/lib9p/common/transport/socket.h', 'usr/src/lib/lib9p/common/utils.c', 'usr/src/lib/lib9p/mapfile-vers', 'usr/src/lib/varpd/Makefile', 'usr/src/lib/varpd/direct/Makefile', 'usr/src/lib/varpd/direct/Makefile.com', 'usr/src/lib/varpd/files/Makefile', 'usr/src/lib/varpd/files/Makefile.com', 'usr/src/lib/varpd/libvarpd/Makefile', 'usr/src/lib/varpd/libvarpd/Makefile.com', 'usr/src/lib/varpd/svp/Makefile', 'usr/src/lib/varpd/svp/Makefile.com', 'usr/src/man/man1m/bhyve.1m', 'usr/src/man/man4/bhyve_config.4', 'usr/src/pkg/manifests/system-library-bhyve.mf', 'usr/src/uts/common/os/driver_lyr.c'];https://github.com/joyent/illumos-joyent/pull/378;https://api.github.com/repos/joyent/illumos-joyent/pulls/378/commits;12904;closed
1406252;danmcd;OS-8324 Euthanize dr_sas;joyent/illumos-joyent;[792549];['papertigers'];2021-10-04T20:23:05Z;2021-10-08T16:05:05Z;['manifest', 'usr/src/uts/common/Makefile.files', 'usr/src/uts/common/Makefile.rules', 'usr/src/uts/common/io/dr_sas/THIRDPARTYLICENSE', 'usr/src/uts/common/io/dr_sas/THIRDPARTYLICENSE.descrip', 'usr/src/uts/common/io/dr_sas/dr_sas.c', 'usr/src/uts/common/io/dr_sas/dr_sas.conf', 'usr/src/uts/common/io/dr_sas/dr_sas.h', 'usr/src/uts/common/io/dr_sas/dr_sas_list.h', 'usr/src/uts/intel/Makefile.intel', 'usr/src/uts/intel/dr_sas/Makefile', 'usr/src/uts/intel/os/driver_aliases', 'usr/src/uts/intel/os/driver_classes', 'usr/src/uts/intel/os/name_to_major', 'usr/src/uts/common/io/simnet/simnet.c', 'usr/src/uts/common/io/simnet/simnet_impl.h', 'usr/src/uts/common/io/vnic/vnic_dev.c', 'exception_lists/cstyle', 'exception_lists/hdrchk', 'exception_lists/packaging', 'exception_lists/wscheck', 'manifest', 'usr/src/Makefile.master', 'usr/src/Makefile.master.64', 'usr/src/cmd/bhyve/Makefile', 'usr/src/cmd/bhyve/README.sync', 'usr/src/cmd/bhyve/pci_virtio_9p.c', 'usr/src/cmd/varpd/Makefile', 'usr/src/lib/Makefile', 'usr/src/lib/lib9p/COPYRIGHT', 'usr/src/lib/lib9p/COPYRIGHT.descrip', 'usr/src/lib/lib9p/Makefile', 'usr/src/lib/lib9p/Makefile.com', 'usr/src/lib/lib9p/amd64/Makefile', 'usr/src/lib/lib9p/common/backend/backend.h', 'usr/src/lib/lib9p/common/backend/fs.c', 'usr/src/lib/lib9p/common/backend/fs.h', 'usr/src/lib/lib9p/common/connection.c', 'usr/src/lib/lib9p/common/fcall.h', 'usr/src/lib/lib9p/common/fid.h', 'usr/src/lib/lib9p/common/genacl.c', 'usr/src/lib/lib9p/common/genacl.h', 'usr/src/lib/lib9p/common/hashtable.c', 'usr/src/lib/lib9p/common/hashtable.h', 'usr/src/lib/lib9p/common/illumos_endian.h', 'usr/src/lib/lib9p/common/lib9p.h', 'usr/src/lib/lib9p/common/lib9p_impl.h', 'usr/src/lib/lib9p/common/linux_errno.h', 'usr/src/lib/lib9p/common/log.c', 'usr/src/lib/lib9p/common/log.h', 'usr/src/lib/lib9p/common/pack.c', 'usr/src/lib/lib9p/common/request.c', 'usr/src/lib/lib9p/common/rfuncs.c', 'usr/src/lib/lib9p/common/rfuncs.h', 'usr/src/lib/lib9p/common/sbuf/sbuf.c', 'usr/src/lib/lib9p/common/sbuf/sbuf.h', 'usr/src/lib/lib9p/common/threadpool.c', 'usr/src/lib/lib9p/common/threadpool.h', 'usr/src/lib/lib9p/common/transport/socket.c', 'usr/src/lib/lib9p/common/transport/socket.h', 'usr/src/lib/lib9p/common/utils.c', 'usr/src/lib/lib9p/mapfile-vers', 'usr/src/lib/varpd/Makefile', 'usr/src/lib/varpd/direct/Makefile', 'usr/src/lib/varpd/direct/Makefile.com', 'usr/src/lib/varpd/files/Makefile', 'usr/src/lib/varpd/files/Makefile.com', 'usr/src/lib/varpd/libvarpd/Makefile', 'usr/src/lib/varpd/libvarpd/Makefile.com', 'usr/src/lib/varpd/svp/Makefile', 'usr/src/lib/varpd/svp/Makefile.com', 'usr/src/man/man1m/bhyve.1m', 'usr/src/man/man4/bhyve_config.4', 'usr/src/pkg/manifests/system-library-bhyve.mf', 'usr/src/uts/common/os/driver_lyr.c', 'usr/src/cmd/varpd/varpd.c', 'usr/src/cmd/zoneadmd/zfd.c', 'usr/src/cmd/zoneadmd/zoneadmd.c', 'usr/src/lib/varpd/libvarpd/common/libvarpd.h', 'usr/src/lib/varpd/libvarpd/common/libvarpd_overlay.c', 'usr/src/uts/common/io/zfd.c'];https://github.com/joyent/illumos-joyent/pull/377;https://api.github.com/repos/joyent/illumos-joyent/pulls/377/commits;101;closed
1406252;danmcd;OS-8293 Remove ZFS whitespace & comment diffs to reduce upstream diff noise;joyent/illumos-joyent;[792549];['papertigers'];2021-08-19T19:12:20Z;2021-08-19T19:27:40Z;['usr/src/uts/common/fs/zfs/dmu.c', 'usr/src/uts/common/fs/zfs/sa.c', 'usr/src/uts/common/fs/zfs/sys/spa_impl.h', 'usr/src/uts/common/fs/zfs/zfs_dir.c', 'usr/src/uts/common/fs/zfs/zfs_vfsops.c', 'usr/src/uts/common/fs/zfs/zio.c'];https://github.com/joyent/illumos-joyent/pull/373;https://api.github.com/repos/joyent/illumos-joyent/pulls/373/commits;6;closed
1406252;danmcd;OS-8231;joyent/illumos-joyent;[792549];['papertigers'];2021-08-04T20:39:06Z;2021-08-06T14:17:42Z;['usr/src/boot/sys/boot/forth/joyent.menu.rc', 'usr/src/boot/sys/boot/forth/menu-commands.4th', 'usr/src/uts/common/exec/elf/elf.c', 'usr/src/boot/sys/boot/forth/menu-commands.4th'];https://github.com/joyent/illumos-joyent/pull/372;https://api.github.com/repos/joyent/illumos-joyent/pulls/372/commits;3;closed
1612974;bahamat;node-zsock#3 Use node-gyp instead of node-waf;joyent/node-zsock;[792549, 11507664];['papertigers', 'twhiteman'];2021-10-19T02:04:14Z;2021-10-19T22:41:04Z;['binding.gyp', 'package.json', 'wscript', 'lib/zsock.js', 'src/zsock.cc', 'binding.gyp', 'package.json', 'src/zsock.cc'];https://github.com/joyent/node-zsock/pull/7;https://api.github.com/repos/joyent/node-zsock/pulls/7/commits;22;closed
1612974;bahamat;TOOLS-2525 Everything needs to stop cloning with git:// URLs;joyent/node-amqpsnoop;[792549];['papertigers'];2021-11-02T16:30:41Z;2021-11-04T02:04:40Z;['package.json'];https://github.com/joyent/node-amqpsnoop/pull/6;https://api.github.com/repos/joyent/node-amqpsnoop/pulls/6/commits;2;closed
1008008;jasonbking;Allow for non-string HMAC keys;joyent/node-http-signature;[13474];['kusor'];2020-02-24T21:51:33Z;2020-02-24T23:01:30Z;['lib/verify.js', 'package-lock.json', 'package.json', 'test/verify.test.js', 'CHANGES.md', 'package-lock.json'];https://github.com/joyent/node-http-signature/pull/98;https://api.github.com/repos/joyent/node-http-signature/pulls/98/commits;2;closed
46866;trentm;TOOLS-2327 move repos out of Gerrit (drop referral to Gerrit for CR);joyent/node-smartdc;[10874909];['askfongjojo'];2019-10-19T02:02:16Z;2019-10-20T16:27:07Z;['README.md'];https://github.com/joyent/node-smartdc/pull/82;https://api.github.com/repos/joyent/node-smartdc/pulls/82/commits;10;closed
1612974;bahamat;TOOLS-2525 Everything needs to stop cloning with git:// URLs;joyent/node-asn1;[792549];['papertigers'];2021-11-02T16:30:49Z;2021-11-04T00:46:16Z;['package.json', 'package.json', 'package.json'];https://github.com/joyent/node-asn1/pull/48;https://api.github.com/repos/joyent/node-asn1/pulls/48/commits;2;closed
1612974;bahamat;TRITON-2254 Change joyMattermostNotification to joySlackNotifications;joyent/node-asn1;[1406252];['danmcd'];2021-09-07T20:21:05Z;2021-09-07T23:38:03Z;['Jenkinsfile'];https://github.com/joyent/node-asn1/pull/46;https://api.github.com/repos/joyent/node-asn1/pulls/46/commits;4;closed
24433;cburroughs;joyent/node-asn1#39 builds fail on travis because 0.8 has bitrotted away;joyent/node-asn1;[1010693];['timfoster'];2019-10-18T17:58:34Z;2019-10-21T14:30:37Z;['.travis.yml'];https://github.com/joyent/node-asn1/pull/40;https://api.github.com/repos/joyent/node-asn1/pulls/40/commits;4;closed
24433;cburroughs;TRITON-1943 add Jenkinsfiles to Triton repositories;joyent/node-asn1;[1010693];['timfoster'];2019-10-18T17:52:22Z;2019-10-21T14:30:25Z;['Jenkinsfile'];https://github.com/joyent/node-asn1/pull/38;https://api.github.com/repos/joyent/node-asn1/pulls/38/commits;65;closed
1406252;danmcd;OS-8347 Update SmartOS to support illumos 13917;joyent/illumos-kvm;[1612974];['bahamat'];2022-01-25T20:14:58Z;2022-01-27T21:57:35Z;['kvm.c', 'kvm_host.h'];https://github.com/joyent/illumos-kvm/pull/34;https://api.github.com/repos/joyent/illumos-kvm/pulls/34/commits;18;closed
21101340;jlevon;OS-8174 lay groundwork for GCC9;joyent/illumos-kvm;[1010693];['timfoster'];2020-05-15T13:24:11Z;2020-05-26T13:37:57Z;['Makefile'];https://github.com/joyent/illumos-kvm/pull/27;https://api.github.com/repos/joyent/illumos-kvm/pulls/27/commits;5;closed
1406252;danmcd;OS-8353 piadm should get the download location from a config file;joyent/smartos-live;[792549];['papertigers'];2022-02-13T22:43:20Z;2022-02-16T16:08:33Z;['src/piadm.sh', 'src/piadm.sh', 'src/piadm.sh', 'src/piadm.sh'];https://github.com/joyent/smartos-live/pull/1013;https://api.github.com/repos/joyent/smartos-live/pulls/1013/commits;20;closed
1406252;danmcd;OS-8354 piadm should only run in the global zone, and mostly as root;joyent/smartos-live;[792549];['papertigers'];2022-02-13T21:55:38Z;2022-02-16T04:03:30Z;['src/piadm.sh', 'src/piadm.sh', 'src/piadm.sh'];https://github.com/joyent/smartos-live/pull/1012;https://api.github.com/repos/joyent/smartos-live/pulls/1012/commits;2;closed
1406252;danmcd;OS-8334 Bring OpenSSL 3 to the platform;joyent/smartos-live;[792549];['papertigers'];2021-11-10T20:27:15Z;2021-12-07T20:19:15Z;['tools/build_live', 'tools/build_live'];https://github.com/joyent/smartos-live/pull/1006;https://api.github.com/repos/joyent/smartos-live/pulls/1006/commits;2;closed
1406252;danmcd;TOOLS-2525 Everything needs to stop cloning with git:// URLs;joyent/smartos-live;[792549];['papertigers'];2021-11-02T15:24:02Z;2021-11-03T03:41:46Z;['README.md', 'docs/dev-upgrade.md', 'src/fw/test/node_modules/glob/package.json', 'src/fw/tools/ramsey/node_modules/hogan.js/package.json', 'src/img/node_modules/bunyan/package.json', 'src/img/node_modules/cmdln/node_modules/dashdash/package.json', 'src/img/node_modules/cmdln/package.json', 'src/img/node_modules/concat-stream/node_modules/inherits/package.json', 'src/img/node_modules/concat-stream/node_modules/readable-stream/node_modules/core-util-is/package.json', 'src/img/node_modules/concat-stream/node_modules/readable-stream/node_modules/isarray/package.json', 'src/img/node_modules/concat-stream/node_modules/readable-stream/node_modules/string_decoder/package.json', 'src/img/node_modules/concat-stream/node_modules/readable-stream/package.json', 'src/img/node_modules/concat-stream/node_modules/typedarray/package.json', 'src/img/node_modules/docker-registry-client/node_modules/base64url/package.json', 'src/img/node_modules/docker-registry-client/node_modules/jwk-to-pem/node_modules/asn1.js/node_modules/inherits/package.json', 'src/img/node_modules/docker-registry-client/node_modules/jwk-to-pem/node_modules/elliptic/node_modules/inherits/package.json', 'src/img/node_modules/docker-registry-client/node_modules/jws/node_modules/jwa/node_modules/safe-buffer/package.json', 'src/img/node_modules/docker-registry-client/node_modules/jws/node_modules/jwa/package.json', 'src/img/node_modules/docker-registry-client/node_modules/jws/package.json', 'src/img/node_modules/docker-registry-client/node_modules/tough-cookie/package.json', 'src/img/node_modules/docker-registry-client/node_modules/www-authenticate/package.json', 'src/img/node_modules/extsprintf/package.json', 'src/img/node_modules/nodeunit/package.json', 'src/img/node_modules/once/package.json', 'src/img/node_modules/progbar/package.json', 'src/img/node_modules/restify/node_modules/keep-alive-agent/package.json', 'src/img/node_modules/restify/node_modules/lru-cache/package.json', 'src/img/node_modules/restify/node_modules/semver/package.json', 'src/img/node_modules/restify/package.json', 'src/img/node_modules/rimraf/package.json', 'src/img/node_modules/sdc-clients/node_modules/async/package.json', 'src/img/node_modules/sdc-clients/node_modules/lru-cache/package.json', 'src/img/node_modules/sdc-clients/node_modules/ssh-agent/package.json', 'src/img/node_modules/sdc-clients/package.json', 'src/img/node_modules/tabula/package.json', 'src/img/node_modules/vasync/package.json', 'src/img/node_modules/verror/package.json', 'src/node-bunyan/package.json', 'src/node-expat/package.json', 'src/node-libuuid/package.json', 'src/node-qlocker/package-lock.json', 'src/node-qlocker/package.json', 'src/node-zonename/package.json', 'src/vm/node_modules/jsprim/node_modules/extsprintf/package.json', 'src/vm/node_modules/jsprim/node_modules/verror/node_modules/core-util-is/package.json', 'src/vm/node_modules/jsprim/node_modules/verror/package.json', 'src/vm/node_modules/jsprim/package.json', 'src/vm/node_modules/macaddr/node_modules/jsprim/node_modules/extsprintf/package.json', 'src/vm/node_modules/macaddr/node_modules/jsprim/node_modules/verror/node_modules/core-util-is/package.json', 'src/vm/node_modules/macaddr/node_modules/jsprim/node_modules/verror/package.json', 'src/vm/node_modules/macaddr/node_modules/jsprim/package.json', 'src/vm/node_modules/macaddr/package.json', 'src/vm/node_modules/nodeunit-plus/node_modules/once/package.json', 'src/vm/node_modules/nodeunit-plus/package.json', 'src/vm/node_modules/nodeunit/README.md', 'src/vm/node_modules/nodeunit/node_modules/tap/node_modules/buffer-equal/package.json', 'src/vm/node_modules/nodeunit/node_modules/tap/node_modules/difflet/node_modules/traverse/package.json', 'src/vm/node_modules/nodeunit/node_modules/tap/node_modules/difflet/package.json', 'src/vm/node_modules/nodeunit/node_modules/tap/node_modules/glob/node_modules/inherits/package.json', 'src/vm/node_modules/nodeunit/node_modules/tap/node_modules/glob/node_modules/minimatch/node_modules/lru-cache/package.json', 'src/vm/node_modules/nodeunit/node_modules/tap/node_modules/glob/node_modules/minimatch/node_modules/sigmund/package.json', 'src/vm/node_modules/nodeunit/node_modules/tap/node_modules/glob/node_modules/minimatch/package.json', 'src/vm/node_modules/nodeunit/node_modules/tap/node_modules/glob/package.json', 'src/vm/node_modules/nodeunit/node_modules/tap/node_modules/inherits/package.json', 'src/vm/node_modules/nodeunit/node_modules/tap/node_modules/runforcover/node_modules/bunker/node_modules/burrito/node_modules/uglify-js/README.org', 'src/vm/node_modules/nodeunit/node_modules/tap/node_modules/runforcover/node_modules/bunker/node_modules/burrito/node_modules/uglify-js/package.json', 'src/vm/node_modules/nodeunit/node_modules/tap/node_modules/runforcover/node_modules/bunker/node_modules/burrito/package.json', 'src/vm/node_modules/nodeunit/node_modules/tap/node_modules/slide/package.json', 'src/vm/node_modules/nodeunit/node_modules/tap/package.json', 'src/vm/node_modules/nodeunit/package.json', 'src/vm/node_modules/triton-netconfig/node_modules/ip6addr/node_modules/clone/package.json', 'src/vm/node_modules/triton-netconfig/node_modules/ip6addr/package.json', 'src/vm/node_modules/vasync/node_modules/verror/node_modules/core-util-is/package.json', 'src/vm/node_modules/vasync/node_modules/verror/node_modules/extsprintf/package.json', 'src/vm/node_modules/vasync/node_modules/verror/package.json', 'src/vm/node_modules/vasync/package.json', 'src/node-qlocker/package-lock.json', 'src/node-qlocker/package.json'];https://github.com/joyent/smartos-live/pull/1004;https://api.github.com/repos/joyent/smartos-live/pulls/1004/commits;4;closed
1406252;danmcd;OS-8332 Remove gcc4 stage from smartos-live Jenkins;joyent/smartos-live;[128042, 792549];['jperkin', 'papertigers'];2021-10-26T00:36:29Z;2021-10-26T13:24:30Z;['Jenkinsfile'];https://github.com/joyent/smartos-live/pull/1003;https://api.github.com/repos/joyent/smartos-live/pulls/1003/commits;9;closed
792549;papertigers;OS-8316 vminfod client shouldn't attempt to cleanup on a ready timeout;joyent/smartos-live;[78194, 1612974];['joshwilsdon', 'bahamat'];2021-09-10T22:06:39Z;2021-09-22T14:39:59Z;['src/vm/node_modules/vminfod/client.js', 'src/vm/node_modules/vminfod/client.js', 'src/vm/node_modules/vminfod/client.js', 'src/vm/node_modules/vminfod/client.js'];https://github.com/joyent/smartos-live/pull/1001;https://api.github.com/repos/joyent/smartos-live/pulls/1001/commits;1;closed
1010693;timfoster;OS-8274 smartos jenkins labels should select new build machines;joyent/smartos-live;[1406252];['danmcd'];2021-03-03T10:28:00Z;2021-03-04T15:27:41Z;['Jenkinsfile', 'Jenkinsfile', 'Jenkinsfile', 'Jenkinsfile', 'man/usr/share/man/man1m/piadm.1m.md'];https://github.com/joyent/smartos-live/pull/978;https://api.github.com/repos/joyent/smartos-live/pulls/978/commits;22;closed
1406252;danmcd;OS-8265: TRITON-2137 has broken manifest for qlocker;joyent/smartos-live;[1008008];['jasonbking'];2021-02-03T19:34:05Z;2021-02-03T19:48:32Z;['src/manifest'];https://github.com/joyent/smartos-live/pull/970;https://api.github.com/repos/joyent/smartos-live/pulls/970/commits;4;closed
1406252;danmcd;RFD176 branch;joyent/smartos-live;[792549, 1010693];['papertigers', 'timfoster'];2020-12-01T00:50:13Z;2021-01-11T18:31:40Z;['src/piadm.sh', 'src/piadm.sh', 'src/piadm.sh', 'src/piadm.sh', 'src/piadm.sh', 'src/lib/sdc/usb-key.sh', 'src/piadm.sh', 'src/piadm.sh', 'src/piadm.sh', 'src/piadm.sh', 'src/lib/sdc/usb-key.sh', 'src/piadm.sh', 'src/piadm.sh', 'src/lib/sdc/usb-key.sh', 'src/piadm.sh', 'src/lib/sdc/usb-key.sh', 'src/lib/sdc/usb-key.sh', 'src/lib/sdc/usb-key.sh', 'src/lib/sdc/usb-key.sh', 'src/lib/sdc/usb-key.sh', 'src/lib/sdc/usb-key.sh', 'src/lib/sdc/usb-key.sh', 'src/lib/sdc/usb-key.sh', 'src/lib/sdc/usb-key.sh', 'src/lib/sdc/usb-key.sh', 'src/lib/sdc/usb-key.sh', 'src/lib/sdc/usb-key.sh', 'src/lib/sdc/usb-key.sh', 'src/piadm.sh'];https://github.com/joyent/smartos-live/pull/964;https://api.github.com/repos/joyent/smartos-live/pulls/964/commits;4;closed
1406252;danmcd;OS-8240 SmartOS interactive installation needs to allow non-media ins;joyent/smartos-live;[792549];['papertigers'];2020-10-20T19:58:24Z;2020-10-21T20:29:54Z;['src/smartdc/lib/smartos_prompt_config.sh', 'man/usr/share/man/man1m/piadm.1m.md', 'src/piadm.sh'];https://github.com/joyent/smartos-live/pull/962;https://api.github.com/repos/joyent/smartos-live/pulls/962/commits;346;closed
21101340;jlevon;OS-8146 update to binutils 2.34;joyent/illumos-extra;[128042];['jperkin'];2020-03-27T11:22:32Z;2020-03-30T11:36:57Z;['binutils/FIXME.efi.patch', 'binutils/FIXME.libiberty-disable-posix-source.patch', 'binutils/Makefile', 'binutils/binutils-2.34.tar.bz2', 'binutils/Makefile', 'binutils/patches/gas-25516.diff', 'binutils/FIXME.efi.patch', 'binutils/FIXME.libiberty-disable-posix-source.patch'];https://github.com/joyent/illumos-extra/pull/35;https://api.github.com/repos/joyent/illumos-extra/pulls/35/commits;59;closed
2158817;joyent-automation;OS-7324 upgrade ipmitool to version 1.8.18;joyent/illumos-extra;[21101340];['jlevon'];2019-11-07T20:34:07Z;2020-05-20T12:23:28Z;['ipmitool/Makefile', 'ipmitool/Patches/configure.diff', 'ipmitool/Patches/lib.diff', 'ipmitool/Patches/macro.diff', 'ipmitool/Patches/s6_addr16.diff', 'ipmitool/Patches/src.diff', 'ipmitool/ipmitool-1.8.14.tar.gz', 'ipmitool/ipmitool-1.8.18.tar.gz'];https://github.com/joyent/illumos-extra/pull/31;https://api.github.com/repos/joyent/illumos-extra/pulls/31/commits;1143;closed
1406252;danmcd;"OS-8204 Add ""avail"" subcommand to piadm(1M)";joyent/smartos-live;[4421697];['numericillustration'];2020-09-03T20:55:58Z;2020-09-08T16:36:12Z;['man/usr/share/man/man1m/piadm.1m.md', 'src/piadm.sh', 'man/usr/share/man/man1m/piadm.1m.md', 'src/piadm.sh', 'src/piadm.sh', 'man/usr/share/man/man1m/piadm.1m.md', 'src/piadm.sh'];https://github.com/joyent/smartos-live/pull/950;https://api.github.com/repos/joyent/smartos-live/pulls/950/commits;6;closed
14112953;jzinkweg; ignore missing mountpoint when deleting snapshots;joyent/smartos-live;[1008008];['jasonbking'];2020-06-16T16:06:14Z;2020-06-22T16:44:41Z;['src/vm/node_modules/VM.js', 'src/vm/tests/test-snapshots.js', 'src/vm/node_modules/VM.js', 'src/vm/tests/test-snapshots.js'];https://github.com/joyent/smartos-live/pull/945;https://api.github.com/repos/joyent/smartos-live/pulls/945/commits;22;closed
21101340;jlevon;TRITON-2137 expunge v8plus users;joyent/smartos-live;[1205722];['bahamas10'];2020-05-27T10:45:04Z;2020-06-03T10:26:06Z;['src/Makefile', 'src/Makefile.defs', 'src/Makefile.targ', 'src/common/strings/Makefile', 'src/dockerinit/Makefile', 'src/dockerinit/src/dockerinit.c', 'src/lx_hook_postnet/Makefile', 'src/node-dtrace-provider/dtrace_provider.cc', 'src/node-dtrace-provider/libusdt/usdt_dof_file.c', 'src/node-expat/node-expat.cc', 'src/node-kstat/kstat.cc', 'src/node-libuuid/src/uuid.cc', 'src/routeinfo/Makefile', 'src/Makefile', '.gitignore', 'src/Makefile', 'src/Makefile.defs', 'src/node-dtrace-provider/CHANGES.md', 'src/node-dtrace-provider/README.md', 'src/node-dtrace-provider/binding.gyp', 'src/node-dtrace-provider/build.sh', 'src/node-dtrace-provider/dtrace-provider.js', 'src/node-dtrace-provider/dtrace_argument.cc', 'src/node-dtrace-provider/dtrace_probe.cc', 'src/node-dtrace-provider/dtrace_provider.cc', 'src/node-dtrace-provider/dtrace_provider.h', 'src/node-dtrace-provider/libusdt-arch.js', 'src/node-dtrace-provider/libusdt-build.sh', 'src/node-dtrace-provider/libusdt/.gitignore', 'src/node-dtrace-provider/libusdt/Makefile', 'src/node-dtrace-provider/libusdt/test.pl', 'src/node-dtrace-provider/libusdt/test_mem_usage.c', 'src/node-dtrace-provider/libusdt/test_usdt.c', 'src/node-dtrace-provider/libusdt/usdt.c', 'src/node-dtrace-provider/libusdt/usdt.h', 'src/node-dtrace-provider/libusdt/usdt_dof.c', 'src/node-dtrace-provider/libusdt/usdt_dof_file.c', 'src/node-dtrace-provider/libusdt/usdt_dof_sections.c', 'src/node-dtrace-provider/libusdt/usdt_probe.c', 'src/node-dtrace-provider/libusdt/usdt_tracepoints_i386.s', 'src/node-dtrace-provider/package.json', 'src/node-dtrace-provider/src/binding.gyp', 'src/node-dtrace-provider/src/dtrace_argument.cc', 'src/node-dtrace-provider/src/dtrace_probe.cc', 'src/node-dtrace-provider/src/dtrace_provider.cc', 'src/node-dtrace-provider/src/dtrace_provider.h', 'src/node-dtrace-provider/suppress-error.js', 'src/node-dtrace-provider/test/32probe-char.test.js', 'src/node-dtrace-provider/test/32probe-char_fire.js', 'src/node-dtrace-provider/test/32probe.test.js', 'src/node-dtrace-provider/test/32probe_fire.js', 'src/node-dtrace-provider/test/add-probes.test.js', 'src/node-dtrace-provider/test/add-probes_fire.js', 'src/node-dtrace-provider/test/args-after-cb-1.test.js', 'src/node-dtrace-provider/test/args-after-cb-1_fire.js', 'src/node-dtrace-provider/test/args-after-cb-2.test.js', 'src/node-dtrace-provider/test/args-after-cb-2_fire.js', 'src/node-dtrace-provider/test/bad-probe.test.js', 'src/node-dtrace-provider/test/basic.test.js', 'src/node-dtrace-provider/test/create-destroy.test.js', 'src/node-dtrace-provider/test/create-destroy_fire.js', 'src/node-dtrace-provider/test/disambiguation.test.js', 'src/node-dtrace-provider/test/dtrace-test.js', 'src/node-dtrace-provider/test/enabled-disabled.test.js', 'src/node-dtrace-provider/test/enabled-disabled_fire.js', 'src/node-dtrace-provider/test/enabledagain.test.js', 'src/node-dtrace-provider/test/fewer-args-json.test.js', 'src/node-dtrace-provider/test/fewer-args.test.js', 'src/node-dtrace-provider/test/gc-provider.test.js', 'src/node-dtrace-provider/test/gc-provider_fire.js', 'src/node-dtrace-provider/test/gc.js', 'src/node-dtrace-provider/test/gc.test.js', 'src/node-dtrace-provider/test/json-args.test.js', 'src/node-dtrace-provider/test/more-args.test.js', 'src/node-dtrace-provider/test/multiple-json-args.test.js', 'src/node-dtrace-provider/test/notenabled.test.js', 'src/node-dtrace-provider/wscript', 'src/Makefile', 'src/Makefile.defs', 'src/node-expat/node-expat.cc', 'src/node-kstat/kstat.cc', 'src/node-libuuid/src/uuid.cc', 'configure', 'src/dockerinit/src/dockerinit.c', 'src/vm/man/vmadm.1m.md', 'src/vm/node_modules/proptable.js', 'tools/build_boot_image', 'src/Makefile', 'src/manifest', 'src/Makefile', 'src/Makefile', 'src/img/lib/imgadm.js', 'src/img/tools/dev-install', 'src/manifest', 'src/node-qlocker/.gitignore', 'src/node-qlocker/.gitmodules', 'src/node-qlocker/LICENSE', 'src/node-qlocker/Makefile', 'src/node-qlocker/README.md', 'src/node-qlocker/index.js', 'src/node-qlocker/lib/qlocker.js', 'src/node-qlocker/package-lock.json', 'src/node-qlocker/package.json', 'src/node-qlocker/test/example.js', 'src/node-qlocker/test/interprocess.js', 'src/node-qlocker/test/intraprocess.js', 'src/vm/node_modules/VM.js', 'src/vm/node_modules/zonecfg.js', 'tools/jr-manifest.json', 'src/node-qlocker/lib/qlocker.js', 'src/vm/node_modules/VM.js', 'src/Makefile', 'src/Makefile', 'src/fw/lib/locker.js', 'src/manifest', 'src/node-lockfd/.gitignore', 'src/node-lockfd/LICENSE', 'src/node-lockfd/README.md', 'src/node-lockfd/lib/index.js', 'src/node-lockfd/node_modules/v8plus/.npmignore', 'src/node-lockfd/node_modules/v8plus/LICENSE', 'src/node-lockfd/node_modules/v8plus/Makefile.v8plus.defs', 'src/node-lockfd/node_modules/v8plus/Makefile.v8plus.targ', 'src/node-lockfd/node_modules/v8plus/README.md', 'src/node-lockfd/node_modules/v8plus/checkver.h', 'src/node-lockfd/node_modules/v8plus/errno.json', 'src/node-lockfd/node_modules/v8plus/examples/Makefile', 'src/node-lockfd/node_modules/v8plus/examples/example.c', 'src/node-lockfd/node_modules/v8plus/examples/example.h', 'src/node-lockfd/node_modules/v8plus/examples/test.js', 'src/node-lockfd/node_modules/v8plus/generrno.js', 'src/node-lockfd/node_modules/v8plus/node_modules/posix-getopt/LICENSE', 'src/node-lockfd/node_modules/v8plus/node_modules/posix-getopt/README.md', 'src/node-lockfd/node_modules/v8plus/node_modules/posix-getopt/examples/examples.js', 'src/node-lockfd/node_modules/v8plus/node_modules/posix-getopt/lib/getopt.js', 'src/node-lockfd/node_modules/v8plus/node_modules/posix-getopt/package.json', 'src/node-lockfd/node_modules/v8plus/node_modules/posix-getopt/tests/test-getopt.js', 'src/node-lockfd/node_modules/v8plus/node_modules/posix-getopt/tests/test-tokenize-optstr.js', 'src/node-lockfd/node_modules/v8plus/origin.js', 'src/node-lockfd/node_modules/v8plus/package.json', 'src/node-lockfd/node_modules/v8plus/v8plus_c_impl.h', 'src/node-lockfd/node_modules/v8plus/v8plus_csup.c', 'src/node-lockfd/node_modules/v8plus/v8plus_glue.h', 'src/node-lockfd/node_modules/v8plus/v8plus_impl.h', 'src/node-lockfd/node_modules/v8plus/v8plus_objectwrap.cc', 'src/node-lockfd/node_modules/v8plus/v8plus_subr.cc', 'src/node-lockfd/package.json', 'src/node-lockfd/src/Makefile', 'src/node-lockfd/src/errno.json', 'src/node-lockfd/src/lockfd.c', 'src/vm/node_modules/locker.js', 'src/Makefile', 'src/manifest', 'src/node-zonename/.gitignore', 'src/node-zonename/README.md', 'src/node-zonename/benchmark/benchmark.js', 'src/node-zonename/binding.gyp', 'src/node-zonename/index.js', 'src/node-zonename/lib/index.js', 'src/node-zonename/node_modules/v8plus/.npmignore', 'src/node-zonename/node_modules/v8plus/LICENSE', 'src/node-zonename/node_modules/v8plus/Makefile.v8plus.defs', 'src/node-zonename/node_modules/v8plus/Makefile.v8plus.targ', 'src/node-zonename/node_modules/v8plus/README.md', 'src/node-zonename/node_modules/v8plus/checkver.h', 'src/node-zonename/node_modules/v8plus/errno.json', 'src/node-zonename/node_modules/v8plus/examples/Makefile', 'src/node-zonename/node_modules/v8plus/examples/example.c', 'src/node-zonename/node_modules/v8plus/examples/example.h', 'src/node-zonename/node_modules/v8plus/examples/test.js', 'src/node-zonename/node_modules/v8plus/generrno.js', 'src/node-zonename/node_modules/v8plus/node_modules/posix-getopt/LICENSE', 'src/node-zonename/node_modules/v8plus/node_modules/posix-getopt/README.md', 'src/node-zonename/node_modules/v8plus/node_modules/posix-getopt/examples/examples.js', 'src/node-zonename/node_modules/v8plus/node_modules/posix-getopt/lib/getopt.js', 'src/node-zonename/node_modules/v8plus/node_modules/posix-getopt/package.json', 'src/node-zonename/node_modules/v8plus/node_modules/posix-getopt/tests/test-getopt.js', 'src/node-zonename/node_modules/v8plus/node_modules/posix-getopt/tests/test-tokenize-optstr.js', 'src/node-zonename/node_modules/v8plus/origin.js', 'src/node-zonename/node_modules/v8plus/package.json', 'src/node-zonename/node_modules/v8plus/v8plus_c_impl.h', 'src/node-zonename/node_modules/v8plus/v8plus_csup.c', 'src/node-zonename/node_modules/v8plus/v8plus_glue.h', 'src/node-zonename/node_modules/v8plus/v8plus_impl.h', 'src/node-zonename/node_modules/v8plus/v8plus_objectwrap.cc', 'src/node-zonename/node_modules/v8plus/v8plus_subr.cc', 'src/node-zonename/package-lock.json', 'src/node-zonename/package.json', 'src/node-zonename/src/Makefile', 'src/node-zonename/src/zonename.c', 'src/node-zonename/src/zonename.cc', 'src/node_modules/onlyif.js', 'src/zoneevent.js', 'tools/build_live', '.gitignore', 'src/Makefile', 'src/img/lib/imgadm.js', 'src/manifest', 'src/node_modules/onlyif.js', 'src/vm/node_modules/VM.js', 'src/vm/node_modules/zonecfg.js', 'src/zoneevent.js', 'src/vm/man/vmadm.1m.md', 'src/vm/node_modules/VM.js', 'src/vm/tests/test-zfs-limits-null.js', 'tools/build_live', 'src/zoneevent.js', 'src/manifest', 'src/node-qlocker/package-lock.json'];https://github.com/joyent/smartos-live/pull/938;https://api.github.com/repos/joyent/smartos-live/pulls/938/commits;2;closed
21101340;jlevon;OS-8174 lay groundwork for GCC9;joyent/smartos-live;[1010693];['timfoster'];2020-05-14T11:31:54Z;2020-05-26T13:42:43Z;['src/Makefile', 'src/Makefile.defs', 'src/Makefile.targ', 'src/common/strings/Makefile', 'src/dockerinit/Makefile', 'src/dockerinit/src/dockerinit.c', 'src/lx_hook_postnet/Makefile', 'src/node-dtrace-provider/dtrace_provider.cc', 'src/node-dtrace-provider/libusdt/usdt_dof_file.c', 'src/node-expat/node-expat.cc', 'src/node-kstat/kstat.cc', 'src/node-libuuid/src/uuid.cc', 'src/routeinfo/Makefile', 'src/Makefile', '.gitignore', 'src/Makefile', 'src/Makefile.defs', 'src/node-dtrace-provider/CHANGES.md', 'src/node-dtrace-provider/README.md', 'src/node-dtrace-provider/binding.gyp', 'src/node-dtrace-provider/build.sh', 'src/node-dtrace-provider/dtrace-provider.js', 'src/node-dtrace-provider/dtrace_argument.cc', 'src/node-dtrace-provider/dtrace_probe.cc', 'src/node-dtrace-provider/dtrace_provider.cc', 'src/node-dtrace-provider/dtrace_provider.h', 'src/node-dtrace-provider/libusdt-arch.js', 'src/node-dtrace-provider/libusdt-build.sh', 'src/node-dtrace-provider/libusdt/.gitignore', 'src/node-dtrace-provider/libusdt/Makefile', 'src/node-dtrace-provider/libusdt/test.pl', 'src/node-dtrace-provider/libusdt/test_mem_usage.c', 'src/node-dtrace-provider/libusdt/test_usdt.c', 'src/node-dtrace-provider/libusdt/usdt.c', 'src/node-dtrace-provider/libusdt/usdt.h', 'src/node-dtrace-provider/libusdt/usdt_dof.c', 'src/node-dtrace-provider/libusdt/usdt_dof_file.c', 'src/node-dtrace-provider/libusdt/usdt_dof_sections.c', 'src/node-dtrace-provider/libusdt/usdt_probe.c', 'src/node-dtrace-provider/libusdt/usdt_tracepoints_i386.s', 'src/node-dtrace-provider/package.json', 'src/node-dtrace-provider/src/binding.gyp', 'src/node-dtrace-provider/src/dtrace_argument.cc', 'src/node-dtrace-provider/src/dtrace_probe.cc', 'src/node-dtrace-provider/src/dtrace_provider.cc', 'src/node-dtrace-provider/src/dtrace_provider.h', 'src/node-dtrace-provider/suppress-error.js', 'src/node-dtrace-provider/test/32probe-char.test.js', 'src/node-dtrace-provider/test/32probe-char_fire.js', 'src/node-dtrace-provider/test/32probe.test.js', 'src/node-dtrace-provider/test/32probe_fire.js', 'src/node-dtrace-provider/test/add-probes.test.js', 'src/node-dtrace-provider/test/add-probes_fire.js', 'src/node-dtrace-provider/test/args-after-cb-1.test.js', 'src/node-dtrace-provider/test/args-after-cb-1_fire.js', 'src/node-dtrace-provider/test/args-after-cb-2.test.js', 'src/node-dtrace-provider/test/args-after-cb-2_fire.js', 'src/node-dtrace-provider/test/bad-probe.test.js', 'src/node-dtrace-provider/test/basic.test.js', 'src/node-dtrace-provider/test/create-destroy.test.js', 'src/node-dtrace-provider/test/create-destroy_fire.js', 'src/node-dtrace-provider/test/disambiguation.test.js', 'src/node-dtrace-provider/test/dtrace-test.js', 'src/node-dtrace-provider/test/enabled-disabled.test.js', 'src/node-dtrace-provider/test/enabled-disabled_fire.js', 'src/node-dtrace-provider/test/enabledagain.test.js', 'src/node-dtrace-provider/test/fewer-args-json.test.js', 'src/node-dtrace-provider/test/fewer-args.test.js', 'src/node-dtrace-provider/test/gc-provider.test.js', 'src/node-dtrace-provider/test/gc-provider_fire.js', 'src/node-dtrace-provider/test/gc.js', 'src/node-dtrace-provider/test/gc.test.js', 'src/node-dtrace-provider/test/json-args.test.js', 'src/node-dtrace-provider/test/more-args.test.js', 'src/node-dtrace-provider/test/multiple-json-args.test.js', 'src/node-dtrace-provider/test/notenabled.test.js', 'src/node-dtrace-provider/wscript', 'src/Makefile', 'src/Makefile.defs', 'src/node-expat/node-expat.cc', 'src/node-kstat/kstat.cc', 'src/node-libuuid/src/uuid.cc', 'configure', 'src/dockerinit/src/dockerinit.c', 'src/vm/man/vmadm.1m.md', 'src/vm/node_modules/proptable.js', 'tools/build_boot_image', 'src/Makefile', 'src/manifest', 'src/Makefile'];https://github.com/joyent/smartos-live/pull/933;https://api.github.com/repos/joyent/smartos-live/pulls/933/commits;2;closed
1750076;ahayes;OS-8170 size SmartOS USB for smaller cards;joyent/smartos-live;[1010693];['timfoster'];2020-05-11T19:38:48Z;2020-05-14T14:28:11Z;['tools/build_boot_image', 'tools/build_boot_image', 'configure'];https://github.com/joyent/smartos-live/pull/932;https://api.github.com/repos/joyent/smartos-live/pulls/932/commits;23;closed
1010693;timfoster;TOOLS-2454 jenkins-joylib should allow mm notification comments;joyent/smartos-live;[1612974];['bahamat'];2020-03-31T10:27:38Z;2020-04-03T10:39:02Z;['Jenkinsfile', 'Jenkinsfile', 'man/usr/share/man/man1m/disklayout.1m.md', 'src/disklayout.js', 'src/test/disklayout/opt-e.disk1,2.out', 'src/test/disklayout/opt-e.disk1.out', 'src/test/disklayout/opt-e.disk2,3,4.out', 'src/test/disklayout/opt-e.disk6.out', 'src/test/disklayout/opt-e.in', 'src/test/disklayout/opt-e.none.out', 'src/test/disklayout/run', 'tools/build_jenkins', 'Jenkinsfile', 'Jenkinsfile', 'Jenkinsfile'];https://github.com/joyent/smartos-live/pull/921;https://api.github.com/repos/joyent/smartos-live/pulls/921/commits;25;closed
21101340;jlevon;TRITON-2090 would like a way to exclude disks from CN zones pool;joyent/smartos-live;[673987];['jjelinek'];2020-03-23T21:45:28Z;2020-03-30T14:31:45Z;['man/usr/share/man/man1m/disklayout.1m.md', 'src/disklayout.js', 'src/test/disklayout/opt-e.disk1,2.out', 'src/test/disklayout/opt-e.disk1.out', 'src/test/disklayout/opt-e.disk2,3,4.out', 'src/test/disklayout/opt-e.disk6.out', 'src/test/disklayout/opt-e.in', 'src/test/disklayout/opt-e.none.out', 'src/test/disklayout/run', 'src/test/disklayout/run', 'src/disklayout.js', 'src/vm/man/vmadm.1m.md', 'src/vm/node_modules/VM.js', 'src/vm/node_modules/proptable.js', 'Jenkinsfile', 'tools/build_jenkins', 'src/test/disklayout/run', 'Jenkinsfile', 'src/vm/man/vmadm.1m.md', 'src/vm/node_modules/VM.js', 'src/vm/node_modules/proptable.js', 'tools/build_jenkins'];https://github.com/joyent/smartos-live/pull/917;https://api.github.com/repos/joyent/smartos-live/pulls/917/commits;81;closed
