3125580;davorpa;chore: Standardize TutorialsPoint resources;EbookFoundation/free-programming-books;[926513];['eshellman'];2022-03-26T12:34:40Z;2022-04-02T18:26:50Z;['books/free-programming-books-langs.md', 'books/free-programming-books-subjects.md', 'courses/free-courses-en.md', 'books/free-programming-books-langs.md', 'books/free-programming-books-langs.md', 'books/free-programming-books-subjects.md', 'courses/free-courses-en.md', 'books/free-programming-books-langs.md'];https://github.com/EbookFoundation/free-programming-books/pull/6799;https://api.github.com/repos/EbookFoundation/free-programming-books/pulls/6799/commits;2;closed
12895773;nulltrope;Add ansible role to provision production server;EbookFoundation/regluit;[153266, 926513];['rdhyee', 'eshellman'];2018-05-13T22:56:47Z;2018-05-14T02:30:42Z;['.gitignore', 'README.md', 'Vagrantfile', 'core/models/__init__.py', 'provisioning/ec2.ini', 'provisioning/ec2.py', 'provisioning/group_vars/production/vars.yml', 'provisioning/group_vars/production/vault.yml', 'provisioning/hosts', 'provisioning/roles/regluit_common/defaults/main.yml', 'provisioning/roles/regluit_common/files/celerybeat', 'provisioning/roles/regluit_common/files/celeryd', 'provisioning/roles/regluit_common/tasks/celery.yml', 'provisioning/roles/regluit_common/tasks/main.yml', 'provisioning/roles/regluit_common/tasks/mysql.yml', 'provisioning/roles/regluit_common/tasks/redis.yml', 'provisioning/roles/regluit_common/templates/celery/celerybeat.j2', 'provisioning/roles/regluit_common/templates/celery/celeryd.j2', 'provisioning/roles/regluit_common/templates/common.py.j2', 'provisioning/roles/regluit_common/templates/host.py.j2', 'provisioning/roles/regluit_common/templates/me.py.j2', 'provisioning/roles/regluit_common/templates/opt.pth.j2', 'provisioning/roles/regluit_common/templates/regluit.pth.j2', 'provisioning/roles/regluit_dev/defaults/main.yml', 'provisioning/roles/regluit_dev/tasks/main.yml', 'provisioning/roles/regluit_dev/templates/activate_venv.sh.j2', 'provisioning/roles/regluit_prod/files/celerybeat', 'provisioning/roles/regluit_prod/files/celeryd', 'provisioning/roles/regluit_prod/files/certs/STAR_unglue_it.ca-bundle', 'provisioning/roles/regluit_prod/files/certs/STAR_unglue_it.crt', 'provisioning/roles/regluit_prod/files/certs/server.key', 'provisioning/roles/regluit_prod/files/certs/unglue.it.wildcard.csr', 'provisioning/roles/regluit_prod/handlers/main.yml', 'provisioning/roles/regluit_prod/tasks/apache.yml', 'provisioning/roles/regluit_prod/tasks/celery.yml', 'provisioning/roles/regluit_prod/tasks/certs.yml', 'provisioning/roles/regluit_prod/tasks/main.yml', 'provisioning/roles/regluit_prod/tasks/mysql.yml', 'provisioning/roles/regluit_prod/tasks/redis.yml', 'provisioning/roles/regluit_prod/templates/apache.conf.j2', 'provisioning/roles/regluit_prod/templates/celery/celerybeat.j2', 'provisioning/roles/regluit_prod/templates/celery/celeryd.j2', 'provisioning/roles/regluit_prod/templates/common-old.py.j2', 'provisioning/roles/regluit_prod/templates/common.py.j2', 'provisioning/roles/regluit_prod/templates/host-old.py.j2', 'provisioning/roles/regluit_prod/templates/host.py.j2', 'provisioning/roles/regluit_prod/templates/opt.pth.j2', 'provisioning/roles/regluit_prod/templates/prod.py.j2', 'provisioning/roles/regluit_prod/templates/prod.wsgi.j2', 'provisioning/roles/regluit_prod/templates/regluit.pth.j2', 'provisioning/setup-prod.retry', 'provisioning/setup-prod.yml', 'provisioning/setup-regluit.yml', 'utils/encryption.py', 'vagrant/group_vars/all/misc.yml', 'vagrant/group_vars/all/secrets.yml', 'vagrant/host_vars/please/secrets.yml', 'vagrant/host_vars/prod/secrets.yml', 'provisioning/group_vars/production/vars.yml', 'provisioning/hosts', 'provisioning/roles/regluit_prod/tasks/apache.yml', 'provisioning/roles/regluit_prod/tasks/main.yml', 'requirements_versioned.pip'];https://github.com/EbookFoundation/regluit/pull/75;https://api.github.com/repos/EbookFoundation/regluit/pulls/75/commits;31;closed
12895773;nulltrope;"Revert ""Local Development with Vagrant and Ansible""";EbookFoundation/regluit;[926513];['eshellman'];2018-05-10T17:11:50Z;2018-05-10T19:12:42Z;['.gitignore', 'README.md', 'Vagrantfile', 'core/models/__init__.py', 'provisioning/host_vars/regluit-local', 'provisioning/roles/regluit_common/defaults/main.yml', 'provisioning/roles/regluit_common/files/celerybeat', 'provisioning/roles/regluit_common/files/celeryd', 'provisioning/roles/regluit_common/tasks/celery.yml', 'provisioning/roles/regluit_common/tasks/main.yml', 'provisioning/roles/regluit_common/tasks/mysql.yml', 'provisioning/roles/regluit_common/tasks/redis.yml', 'provisioning/roles/regluit_common/templates/celery/celerybeat.j2', 'provisioning/roles/regluit_common/templates/celery/celeryd.j2', 'provisioning/roles/regluit_common/templates/common.py.j2', 'provisioning/roles/regluit_common/templates/host.py.j2', 'provisioning/roles/regluit_common/templates/me.py.j2', 'provisioning/roles/regluit_common/templates/opt.pth.j2', 'provisioning/roles/regluit_common/templates/regluit.pth.j2', 'provisioning/roles/regluit_dev/defaults/main.yml', 'provisioning/roles/regluit_dev/tasks/main.yml', 'provisioning/roles/regluit_dev/templates/activate_venv.sh.j2', 'provisioning/setup-regluit.yml', 'requirements_versioned.pip', 'static/scss/book_list.css', 'static/scss/book_panel2.css', 'static/scss/campaign2.css', 'static/scss/landingpage4.css', 'static/scss/search.css', 'static/scss/searchandbrowse2.css', 'static/scss/sitewide4.css', 'utils/crypto.py'];https://github.com/EbookFoundation/regluit/pull/74;https://api.github.com/repos/EbookFoundation/regluit/pulls/74/commits;924;closed
3125580;davorpa;fix: archive past KDD cups and update main resource link to current year;EbookFoundation/free-programming-books;[926513];['eshellman'];2022-03-13T09:59:28Z;2022-03-15T00:47:30Z;['more/problem-sets-competitive-programming.md', 'more/problem-sets-competitive-programming.md'];https://github.com/EbookFoundation/free-programming-books/pull/6770;https://api.github.com/repos/EbookFoundation/free-programming-books/pulls/6770/commits;4;closed
81493939;Samuel-de-Oliveira;Add linux book;EbookFoundation/free-programming-books;[926513];['eshellman'];2022-03-12T20:49:25Z;2022-03-14T15:02:19Z;['books/free-programming-books-pt_BR.md', 'books/free-programming-books-pt_BR.md', 'books/free-programming-books-pt_BR.md', 'books/free-programming-books-pt_BR.md', 'books/free-programming-books-pt_BR.md', 'books/free-programming-books-pt_BR.md', 'books/free-programming-books-pt_BR.md', 'books/free-programming-books-pt_BR.md'];https://github.com/EbookFoundation/free-programming-books/pull/6768;https://api.github.com/repos/EbookFoundation/free-programming-books/pulls/6768/commits;2;closed
72513532;iremddemir;Add Quantum Computing;EbookFoundation/free-programming-books;[926513];['eshellman'];2022-03-11T17:14:34Z;2022-03-16T17:12:57Z;['books/free-programming-books-subjects.md', 'books/free-programming-books-subjects.md', 'books/free-programming-books-subjects.md', 'books/free-programming-books-subjects.md', 'books/free-programming-books-subjects.md'];https://github.com/EbookFoundation/free-programming-books/pull/6767;https://api.github.com/repos/EbookFoundation/free-programming-books/pulls/6767/commits;2;closed
64677612;Luc1d1ty;"Added ""Solidity"" to the table of contents.";EbookFoundation/free-programming-books;[926513, 78213164];['eshellman', 'CleanMachine1'];2022-03-06T19:17:43Z;2022-03-07T21:41:15Z;['books/free-programming-books-langs.md', 'books/free-programming-books-langs.md', 'books/free-programming-books-langs.md'];https://github.com/EbookFoundation/free-programming-books/pull/6751;https://api.github.com/repos/EbookFoundation/free-programming-books/pulls/6751/commits;2;closed
81493939;Samuel-de-Oliveira;Add Arduino books in pt-BR;EbookFoundation/free-programming-books;[59611597];['LuigiImVector'];2022-03-05T19:59:11Z;2022-03-09T13:21:45Z;['books/free-programming-books-pt_BR.md', 'books/free-programming-books-pt_BR.md', 'books/free-programming-books-pt_BR.md', 'books/free-programming-books-pt_BR.md', 'books/free-programming-books-pt_BR.md', 'books/free-programming-books-pt_BR.md'];https://github.com/EbookFoundation/free-programming-books/pull/6749;https://api.github.com/repos/EbookFoundation/free-programming-books/pulls/6749/commits;3;closed
29798528;jackdolgin;Update free-science-books.md;EbookFoundation/free-science-books;[926513];['eshellman'];2020-08-03T07:10:31Z;2020-08-05T19:40:46Z;['free-science-books.md', 'free-science-books.md', 'free-science-books.md', 'free-science-books.md'];https://github.com/EbookFoundation/free-science-books/pull/53;https://api.github.com/repos/EbookFoundation/free-science-books/pulls/53/commits;1;closed
3125580;davorpa;chore: keeping spelling consistencies same. `GitHub` and `YouTube` trademarks;EbookFoundation/free-programming-books;[926513];['eshellman'];2022-02-28T18:18:12Z;2022-03-07T15:04:22Z;['books/free-programming-books-es.md', 'books/free-programming-books-langs.md', 'books/free-programming-books-zh.md', 'casts/free-podcasts-screencasts-en.md', 'courses/free-courses-ar.md', 'courses/free-courses-bn.md', 'courses/free-courses-id.md', 'courses/free-courses-pt_BR.md', 'courses/free-courses-vi.md', 'docs/HOWTO-ko.md', 'books/free-programming-books-es.md', 'courses/free-courses-en.md', 'courses/free-courses-es.md', 'courses/free-courses-id.md', 'courses/free-courses-pt_BR.md', 'books/free-programming-books-langs.md', 'books/free-programming-books-zh.md', 'courses/free-courses-ar.md', 'courses/free-courses-bn.md', 'courses/free-courses-en.md', 'courses/free-courses-id.md', 'courses/free-courses-vi.md', 'casts/free-podcasts-screencasts-en.md', 'courses/free-courses-pt_BR.md'];https://github.com/EbookFoundation/free-programming-books/pull/6739;https://api.github.com/repos/EbookFoundation/free-programming-books/pulls/6739/commits;4;closed
3125580;davorpa;docs(readme): fix h2-h3 heading levels;EbookFoundation/free-programming-books;[926513, 78213164];['eshellman', 'CleanMachine1'];2022-02-08T06:35:58Z;2022-02-14T16:35:12Z;['README.md', 'README.md', 'README.md', 'README.md'];https://github.com/EbookFoundation/free-programming-books/pull/6702;https://api.github.com/repos/EbookFoundation/free-programming-books/pulls/6702/commits;3;closed
3125580;davorpa;feat: Add `docs/readme.md` + update crosslinks;EbookFoundation/free-programming-books;[926513];['eshellman'];2022-02-07T14:45:21Z;2022-02-11T17:27:07Z;['README.md', 'docs/README.md', 'README.md', 'docs/README.md', 'README.md', 'docs/README.md', 'README.md', 'docs/CODE_OF_CONDUCT-bs.md', 'docs/HOWTO-bs.md', 'docs/CODE_OF_CONDUCT.md', 'docs/CONTRIBUTING.md', 'docs/HOWTO.md', 'docs/CODE_OF_CONDUCT-es.md', 'docs/CONTRIBUTING-es.md', 'docs/HOWTO-es.md', 'docs/CODE_OF_CONDUCT-fr.md', 'docs/CONTRIBUTING-fr.md', 'docs/HOWTO-fr.md', 'docs/CODE_OF_CONDUCT-de.md', 'docs/CONTRIBUTING-de.md', 'docs/HOWTO-de.md', 'docs/CODE_OF_CONDUCT-el.md', 'docs/CONTRIBUTING-el.md', 'docs/HOWTO-el.md', 'docs/CODE_OF_CONDUCT-fa_IR.md', 'docs/CONTRIBUTING-fa_IR.md', 'docs/HOWTO-fa_IR.md', 'docs/CODE_OF_CONDUCT-fil.md', 'docs/CONTRIBUTING-fil.md', 'docs/HOWTO-fil.md', 'docs/CODE_OF_CONDUCT-it.md', 'docs/CONTRIBUTING-it.md', 'docs/HOWTO-it.md', 'docs/CODE_OF_CONDUCT-pt_BR.md', 'docs/CONTRIBUTING-pt_BR.md', 'docs/HOWTO-pt_BR.md', 'docs/CODE_OF_CONDUCT-ko.md', 'docs/CONTRIBUTING-ko.md', 'docs/HOWTO-ko.md', 'docs/CODE_OF_CONDUCT-ru.md', 'docs/CONTRIBUTING-ru.md', 'docs/HOWTO-ru.md', 'docs/CODE_OF_CONDUCT-id.md', 'docs/CONTRIBUTING-id.md', 'docs/HOWTO-id.md', 'docs/CONTRIBUTING-zh.md', 'docs/CONTRIBUTING-zh_TW.md', 'docs/HOWTO-zh.md', 'docs/HOWTO-zh_TW.md', 'docs/CODE_OF_CONDUCT-hi.md', 'docs/HOWTO-hi.md', 'docs/CODE_OF_CONDUCT-pl.md', 'docs/HOWTO-pl.md', 'docs/CODE_OF_CONDUCT-uk.md', 'docs/HOWTO-uk.md', 'docs/CONTRIBUTING-vi.md', 'docs/HOWTO-vi.md', 'docs/HOWTO-ar.md', 'docs/HOWTO-bn.md', 'docs/HOWTO-km.md', 'docs/HOWTO-nl.md', 'docs/HOWTO-sl.md', 'docs/HOWTO-sv.md', 'docs/HOWTO-th.md', 'docs/HOWTO-tr.md', 'README.md', 'books/free-programming-books-zh.md', 'courses/free-courses-en.md', 'docs/HOWTO-ar.md', 'more/free-programming-cheatsheets.md', 'README.md', 'README.md'];https://github.com/EbookFoundation/free-programming-books/pull/6700;https://api.github.com/repos/EbookFoundation/free-programming-books/pulls/6700/commits;2;closed
3125580;davorpa;feat(docs): Add repo stats badges;EbookFoundation/free-programming-books;[926513, 78213164];['eshellman', 'CleanMachine1'];2022-02-06T12:40:04Z;2022-03-15T00:47:02Z;['README.md', 'README.md', 'README.md', 'README.md', 'README.md', 'README.md', 'README.md', 'README.md', 'README.md', 'README.md', 'README.md', 'README.md', 'README.md', 'README.md', 'README.md', 'README.md', 'README.md', 'README.md', '.github/dependabot.yml', '.github/workflows/fpb-lint.yml', '.github/workflows/main.yml', 'README.md', 'books/free-programming-books-ar.md', 'books/free-programming-books-bg.md', 'books/free-programming-books-bn.md', 'books/free-programming-books-cs.md', 'books/free-programming-books-de.md', 'books/free-programming-books-dk.md', 'books/free-programming-books-el.md', 'books/free-programming-books-es.md', 'books/free-programming-books-et.md', 'books/free-programming-books-fi.md', 'books/free-programming-books-he.md', 'books/free-programming-books-hi.md', 'books/free-programming-books-hu.md', 'books/free-programming-books-id.md', 'books/free-programming-books-it.md', 'books/free-programming-books-ja.md', 'books/free-programming-books-ko.md', 'books/free-programming-books-langs.md', 'books/free-programming-books-my.md', 'books/free-programming-books-nl.md', 'books/free-programming-books-pl.md', 'books/free-programming-books-pt_BR.md', 'books/free-programming-books-ru.md', 'books/free-programming-books-subjects.md', 'books/free-programming-books-sv.md', 'books/free-programming-books-tr.md', 'books/free-programming-books-vi.md', 'books/free-programming-books-zh.md', 'casts/free-podcasts-screencasts-en.md', 'casts/free-podcasts-screencasts-es.md', 'casts/free-podcasts-screencasts-fi.md', 'courses/free-courses-ar.md', 'courses/free-courses-bn.md', 'courses/free-courses-de.md', 'courses/free-courses-en.md', 'courses/free-courses-es.md', 'courses/free-courses-fi.md', 'courses/free-courses-fr.md', 'courses/free-courses-he.md', 'courses/free-courses-hi.md', 'courses/free-courses-id.md', 'courses/free-courses-it.md', 'courses/free-courses-ko.md', 'courses/free-courses-pl.md', 'courses/free-courses-pt_BR.md', 'courses/free-courses-ru.md', 'courses/free-courses-th.md', 'courses/free-courses-tr.md', 'courses/free-courses-uk.md', 'courses/free-courses-vi.md', 'docs/CODE_OF_CONDUCT-bs.md', 'docs/CODE_OF_CONDUCT-de.md', 'docs/CODE_OF_CONDUCT-el.md', 'docs/CODE_OF_CONDUCT-es.md', 'docs/CODE_OF_CONDUCT-fa_IR.md', 'docs/CODE_OF_CONDUCT-fil.md', 'docs/CODE_OF_CONDUCT-fr.md', 'docs/CODE_OF_CONDUCT-hi.md', 'docs/CODE_OF_CONDUCT-id.md', 'docs/CODE_OF_CONDUCT-it.md', 'docs/CODE_OF_CONDUCT-ko.md', 'docs/CODE_OF_CONDUCT-pl.md', 'docs/CODE_OF_CONDUCT-pt_BR.md', 'docs/CODE_OF_CONDUCT-ru.md', 'docs/CODE_OF_CONDUCT-uk.md', 'docs/CODE_OF_CONDUCT.md', 'docs/CONTRIBUTING-de.md', 'docs/CONTRIBUTING-el.md', 'docs/CONTRIBUTING-es.md', 'docs/CONTRIBUTING-fa_IR.md', 'docs/CONTRIBUTING-fil.md', 'docs/CONTRIBUTING-fr.md', 'docs/CONTRIBUTING-id.md', 'docs/CONTRIBUTING-it.md', 'docs/CONTRIBUTING-ko.md', 'docs/CONTRIBUTING-pt_BR.md', 'docs/CONTRIBUTING-ru.md', 'docs/CONTRIBUTING-vi.md', 'docs/CONTRIBUTING-zh.md', 'docs/CONTRIBUTING-zh_TW.md', 'docs/CONTRIBUTING.md', 'docs/HOWTO-ar.md', 'docs/HOWTO-bn.md', 'docs/HOWTO-bs.md', 'docs/HOWTO-de.md', 'docs/HOWTO-el.md', 'docs/HOWTO-es.md', 'docs/HOWTO-fa_IR.md', 'docs/HOWTO-fil.md', 'docs/HOWTO-fr.md', 'docs/HOWTO-hi.md', 'docs/HOWTO-id.md', 'docs/HOWTO-it.md', 'docs/HOWTO-km.md', 'docs/HOWTO-ko.md', 'docs/HOWTO-nl.md', 'docs/HOWTO-pl.md', 'docs/HOWTO-pt_BR.md', 'docs/HOWTO-ru.md', 'docs/HOWTO-sl.md', 'docs/HOWTO-sv.md', 'docs/HOWTO-th.md', 'docs/HOWTO-tr.md', 'docs/HOWTO-uk.md', 'docs/HOWTO-vi.md', 'docs/HOWTO-zh.md', 'docs/HOWTO-zh_TW.md', 'docs/HOWTO.md', 'docs/README.md', 'more/free-programming-cheatsheets.md', 'more/free-programming-interactive-tutorials-en.md', 'more/free-programming-playgrounds.md', 'README.md', 'README.md', 'README.md', 'README.md', 'README.md'];https://github.com/EbookFoundation/free-programming-books/pull/6697;https://api.github.com/repos/EbookFoundation/free-programming-books/pulls/6697/commits;2;closed
3125580;davorpa;config: update `.editorconfig` parameters according to current format of files;EbookFoundation/free-programming-books;[926513, 22801583];['eshellman', 'SethFalco'];2022-02-05T21:32:03Z;2022-03-16T19:45:02Z;['.editorconfig', '.editorconfig', '.editorconfig', '.editorconfig', '.editorconfig', '.editorconfig', '.editorconfig', '.editorconfig', '.editorconfig', '.editorconfig', '.editorconfig', '.editorconfig', '.editorconfig', '.editorconfig'];https://github.com/EbookFoundation/free-programming-books/pull/6696;https://api.github.com/repos/EbookFoundation/free-programming-books/pulls/6696/commits;13;closed
3125580;davorpa;docs: update statistic counters of the repo;EbookFoundation/free-programming-books;[22801583];['SethFalco'];2022-02-05T12:46:28Z;2022-02-05T20:56:50Z;['README.md', 'README.md'];https://github.com/EbookFoundation/free-programming-books/pull/6694;https://api.github.com/repos/EbookFoundation/free-programming-books/pulls/6694/commits;2;closed
59611597;LuigiImVector;ci(workflows): Update versions;EbookFoundation/free-programming-books;[928812];['borgified'];2022-01-26T13:18:42Z;2022-02-15T15:38:58Z;['.github/workflows/fpb-lint.yml', '.github/workflows/main.yml'];https://github.com/EbookFoundation/free-programming-books/pull/6682;https://api.github.com/repos/EbookFoundation/free-programming-books/pulls/6682/commits;6;closed
3125580;davorpa;feat: configure gitignores for NodeJS, IDE, sys...;EbookFoundation/free-programming-books;[926513];['eshellman'];2022-01-15T21:45:51Z;2022-01-18T18:00:30Z;['.gitignore'];https://github.com/EbookFoundation/free-programming-books/pull/6674;https://api.github.com/repos/EbookFoundation/free-programming-books/pulls/6674/commits;292;closed
3125580;davorpa;chore(books-bn): split bangla books - courses;EbookFoundation/free-programming-books;[926513];['eshellman'];2021-11-20T16:24:31Z;2021-12-27T17:19:05Z;['README.md', 'books/free-programming-books-bn.md', 'courses/free-courses-bn.md', 'books/free-programming-books-bn.md', 'courses/free-courses-bn.md', 'courses/free-courses-bn.md', 'README.md', 'docs/CODE_OF_CONDUCT-bs.md', 'docs/CODE_OF_CONDUCT-de.md', 'docs/CODE_OF_CONDUCT-el.md', 'docs/CODE_OF_CONDUCT-es.md', 'docs/CODE_OF_CONDUCT-fa_IR.md', 'docs/CODE_OF_CONDUCT-fil.md', 'docs/CODE_OF_CONDUCT-fr.md', 'docs/CODE_OF_CONDUCT-hi.md', 'docs/CODE_OF_CONDUCT-id.md', 'docs/CODE_OF_CONDUCT-it.md', 'docs/CODE_OF_CONDUCT-ko.md', 'docs/CODE_OF_CONDUCT-pl.md', 'docs/CODE_OF_CONDUCT-pt_BR.md', 'docs/CODE_OF_CONDUCT-ru.md', 'docs/CODE_OF_CONDUCT-uk.md', 'docs/CODE_OF_CONDUCT.md', 'docs/CONTRIBUTING-de.md', 'docs/CONTRIBUTING-el.md', 'docs/CONTRIBUTING-es.md', 'docs/CONTRIBUTING-fa_IR.md', 'docs/CONTRIBUTING-fil.md', 'docs/CONTRIBUTING-fr.md', 'docs/CONTRIBUTING-id.md', 'docs/CONTRIBUTING-it.md', 'docs/CONTRIBUTING-ko.md', 'docs/CONTRIBUTING-pt_BR.md', 'docs/CONTRIBUTING-ru.md', 'docs/CONTRIBUTING-vi.md', 'docs/CONTRIBUTING-zh.md', 'docs/CONTRIBUTING-zh_TW.md', 'docs/CONTRIBUTING.md', 'docs/HOWTO-ar.md', 'docs/HOWTO-bn.md', 'docs/HOWTO-bs.md', 'docs/HOWTO-de.md', 'docs/HOWTO-el.md', 'docs/HOWTO-es.md', 'docs/HOWTO-fa_IR.md', 'docs/HOWTO-fil.md', 'docs/HOWTO-fr.md', 'docs/HOWTO-hi.md', 'docs/HOWTO-id.md', 'docs/HOWTO-it.md', 'docs/HOWTO-km.md', 'docs/HOWTO-ko.md', 'docs/HOWTO-nl.md', 'docs/HOWTO-pl.md', 'docs/HOWTO-pt_BR.md', 'docs/HOWTO-ru.md', 'docs/HOWTO-sl.md', 'docs/HOWTO-sv.md', 'docs/HOWTO-th.md', 'docs/HOWTO-tr.md', 'docs/HOWTO-uk.md', 'docs/HOWTO-vi.md', 'docs/HOWTO-zh.md', 'docs/HOWTO-zh_TW.md', 'docs/HOWTO.md', 'courses/free-courses-ru.md', 'books/free-programming-books-bn.md', 'books/free-programming-books-bn.md', 'books/free-programming-books-bn.md'];https://github.com/EbookFoundation/free-programming-books/pull/6626;https://api.github.com/repos/EbookFoundation/free-programming-books/pulls/6626/commits;18;closed
3125580;davorpa;docs(contributing): Homogenize format across translated files;EbookFoundation/free-programming-books;[926513];['eshellman'];2021-11-20T00:48:19Z;2022-02-03T01:39:27Z;['CONTRIBUTING-de.md', 'CONTRIBUTING-vi.md', 'CONTRIBUTING-de.md', 'CONTRIBUTING-el.md', 'CONTRIBUTING-es.md', 'CONTRIBUTING-fa_IR.md', 'CONTRIBUTING-fil.md', 'CONTRIBUTING-fr.md', 'CONTRIBUTING-id.md', 'CONTRIBUTING-it.md', 'CONTRIBUTING-ko.md', 'CONTRIBUTING-pt_BR.md', 'CONTRIBUTING-ru.md', 'CONTRIBUTING-vi.md', 'CONTRIBUTING-zh_TW.md', 'CONTRIBUTING.md', 'CONTRIBUTING-fil.md', 'CONTRIBUTING-de.md', 'CONTRIBUTING-el.md', 'CONTRIBUTING-es.md', 'CONTRIBUTING-fa_IR.md', 'CONTRIBUTING-fil.md', 'CONTRIBUTING-fr.md', 'CONTRIBUTING-it.md', 'CONTRIBUTING-ko.md', 'CONTRIBUTING-pt_BR.md', 'CONTRIBUTING-ru.md', 'CONTRIBUTING-vi.md', 'CONTRIBUTING-zh.md', 'CONTRIBUTING-zh_TW.md', 'CONTRIBUTING.md', 'CONTRIBUTING-de.md', 'CONTRIBUTING-el.md', 'CONTRIBUTING-es.md', 'CONTRIBUTING-fa_IR.md', 'CONTRIBUTING-fil.md', 'CONTRIBUTING-fr.md', 'CONTRIBUTING-id.md', 'CONTRIBUTING-it.md', 'CONTRIBUTING-ko.md', 'CONTRIBUTING-pt_BR.md', 'CONTRIBUTING-ru.md', 'CONTRIBUTING-vi.md', 'CONTRIBUTING-zh.md', 'CONTRIBUTING.md', 'CONTRIBUTING-de.md', 'CONTRIBUTING-el.md', 'CONTRIBUTING-es.md', 'CONTRIBUTING-fa_IR.md', 'CONTRIBUTING-fil.md', 'CONTRIBUTING-fr.md', 'CONTRIBUTING-it.md', 'CONTRIBUTING-ko.md', 'CONTRIBUTING-pt_BR.md', 'CONTRIBUTING-ru.md', 'CONTRIBUTING-vi.md', 'CONTRIBUTING-zh.md', 'CONTRIBUTING-zh_TW.md', 'CONTRIBUTING.md', 'CONTRIBUTING-de.md', 'CONTRIBUTING-es.md', 'CONTRIBUTING-fa_IR.md', 'CONTRIBUTING-fil.md', 'CONTRIBUTING-fr.md', 'CONTRIBUTING-id.md', 'CONTRIBUTING-it.md', 'CONTRIBUTING-pt_BR.md', 'CONTRIBUTING-ru.md', 'CONTRIBUTING-vi.md', 'CONTRIBUTING-zh.md', 'CONTRIBUTING-zh_TW.md', 'CONTRIBUTING.md', 'CONTRIBUTING-de.md', 'CONTRIBUTING-el.md', 'CONTRIBUTING-es.md', 'CONTRIBUTING-fa_IR.md', 'CONTRIBUTING-fil.md', 'CONTRIBUTING-fr.md', 'CONTRIBUTING-it.md', 'CONTRIBUTING-ko.md', 'CONTRIBUTING-pt_BR.md', 'CONTRIBUTING-ru.md', 'CONTRIBUTING-vi.md', 'CONTRIBUTING-zh.md', 'CONTRIBUTING-zh_TW.md', 'CONTRIBUTING.md', 'CONTRIBUTING.md', 'CONTRIBUTING-fa_IR.md', 'CONTRIBUTING-de.md', 'CONTRIBUTING-el.md', 'CONTRIBUTING-es.md', 'CONTRIBUTING-fil.md', 'CONTRIBUTING-fr.md', 'CONTRIBUTING-id.md', 'CONTRIBUTING-it.md', 'CONTRIBUTING-pt_BR.md', 'CONTRIBUTING-ru.md', 'CONTRIBUTING-vi.md', 'CONTRIBUTING.md', 'CONTRIBUTING-fr.md', 'CONTRIBUTING-id.md', 'CONTRIBUTING-de.md', 'CONTRIBUTING-el.md', 'CONTRIBUTING-fil.md', 'CONTRIBUTING-fr.md', 'CONTRIBUTING-it.md', 'CONTRIBUTING-ko.md', 'CONTRIBUTING-pt_BR.md', 'CONTRIBUTING-ru.md', 'CONTRIBUTING-vi.md', 'CONTRIBUTING.md', 'CONTRIBUTING-el.md', 'CONTRIBUTING-es.md', 'CONTRIBUTING-fil.md', 'CONTRIBUTING-it.md', 'CONTRIBUTING-ru.md', 'CONTRIBUTING-de.md', 'CONTRIBUTING-el.md', 'CONTRIBUTING-es.md', 'CONTRIBUTING-fa_IR.md', 'CONTRIBUTING-fil.md', 'CONTRIBUTING-fr.md', 'CONTRIBUTING-id.md', 'CONTRIBUTING-it.md', 'CONTRIBUTING-pt_BR.md', 'CONTRIBUTING-ru.md', 'CONTRIBUTING-vi.md', 'CONTRIBUTING-zh.md', 'CONTRIBUTING-zh_TW.md', 'CONTRIBUTING.md', 'CONTRIBUTING-de.md', 'CONTRIBUTING-el.md', 'CONTRIBUTING-fa_IR.md', 'CONTRIBUTING-fil.md', 'CONTRIBUTING-fr.md', 'CONTRIBUTING-id.md', 'CONTRIBUTING-it.md', 'CONTRIBUTING-ko.md', 'CONTRIBUTING-pt_BR.md', 'CONTRIBUTING-ru.md', 'CONTRIBUTING-vi.md', 'CONTRIBUTING-zh.md', 'CONTRIBUTING-zh_TW.md', 'CONTRIBUTING.md', 'CONTRIBUTING-es.md', 'CONTRIBUTING-vi.md', 'CONTRIBUTING-ko.md', 'CONTRIBUTING-de.md', 'CONTRIBUTING-es.md', 'CONTRIBUTING-fil.md', 'CONTRIBUTING-fr.md', 'CONTRIBUTING-ko.md', 'CONTRIBUTING-ru.md', 'CONTRIBUTING-vi.md', 'CONTRIBUTING.md', 'CONTRIBUTING-es.md', 'CONTRIBUTING-vi.md', 'HOWTO-nl.md', 'CONTRIBUTING-fa_IR.md', 'CONTRIBUTING-de.md', 'CONTRIBUTING-el.md', 'CONTRIBUTING-es.md', 'CONTRIBUTING-fa_IR.md', 'CONTRIBUTING-fil.md', 'CONTRIBUTING-fr.md', 'CONTRIBUTING-it.md', 'CONTRIBUTING-ko.md', 'CONTRIBUTING-pt_BR.md', 'CONTRIBUTING-ru.md', 'CONTRIBUTING-vi.md', 'CONTRIBUTING-zh_TW.md', 'CONTRIBUTING.md', 'CONTRIBUTING-fr.md', 'CONTRIBUTING-ru.md', 'CONTRIBUTING-de.md', 'CONTRIBUTING-el.md', 'CONTRIBUTING-es.md', 'CONTRIBUTING-fa_IR.md', 'CONTRIBUTING-fil.md', 'CONTRIBUTING-fr.md', 'CONTRIBUTING-it.md', 'CONTRIBUTING-ko.md', 'CONTRIBUTING-pt_BR.md', 'CONTRIBUTING-ru.md', 'CONTRIBUTING-vi.md', 'CONTRIBUTING-zh.md', 'CONTRIBUTING-zh_TW.md', 'CONTRIBUTING.md', 'CONTRIBUTING-el.md', 'CONTRIBUTING-fil.md', 'CONTRIBUTING-it.md', 'CONTRIBUTING.md', 'CONTRIBUTING-es.md', '.github/PULL_REQUEST_TEMPLATE.md', 'CONTRIBUTING-de.md', 'CONTRIBUTING-el.md', 'CONTRIBUTING-es.md', 'CONTRIBUTING-fa_IR.md', 'CONTRIBUTING-fil.md', 'CONTRIBUTING-fr.md', 'CONTRIBUTING-id.md', 'CONTRIBUTING-it.md', 'CONTRIBUTING-ko.md', 'CONTRIBUTING-pt_BR.md', 'CONTRIBUTING-ru.md', 'CONTRIBUTING-vi.md', 'CONTRIBUTING-zh.md', 'CONTRIBUTING-zh_TW.md', 'CONTRIBUTING.md', 'CONTRIBUTING-es.md', 'CONTRIBUTING-fr.md'];https://github.com/EbookFoundation/free-programming-books/pull/6625;https://api.github.com/repos/EbookFoundation/free-programming-books/pulls/6625/commits;12;closed
926513;eshellman;move the translated documentation files to a docs folder;EbookFoundation/free-programming-books;[10100659];['kadhirash'];2021-11-16T21:32:06Z;2021-11-20T18:25:15Z;['books/free-programming-books-subjects.md', 'books/free-programming-books-subjects.md', 'HOWTO-ar.md', 'HOWTO-bn.md', 'HOWTO-bs.md', 'HOWTO-de.md', 'HOWTO-es.md', 'HOWTO-fa_IR.md', 'HOWTO-fr.md', 'HOWTO-hi.md', 'HOWTO-id.md', 'HOWTO-it.md', 'HOWTO-km.md', 'HOWTO-ko.md', 'HOWTO-pl.md', 'HOWTO-pt_BR.md', 'HOWTO-ru.md', 'HOWTO-sl.md', 'HOWTO-sv.md', 'HOWTO-vi.md', 'HOWTO-zh.md', 'HOWTO-zh_TW.md', 'HOWTO.md', 'README.md', 'books/free-programming-books-ar.md', 'books/free-programming-books-fr.md', 'books/free-programming-books-langs.md', 'casts/free-podcasts-screencasts-he.md', 'more/free-programming-interactive-tutorials-en.md', 'books/free-programming-books-subjects.md', 'books/free-programming-books-ar.md', 'books/free-programming-books-fr.md', 'books/free-programming-books-langs.md', 'HOWTO-tr.md', 'CODE_OF_CONDUCT-bs.md', 'CODE_OF_CONDUCT-de.md', 'CODE_OF_CONDUCT-el.md', 'CODE_OF_CONDUCT-es.md', 'CODE_OF_CONDUCT-fa_IR.md', 'CODE_OF_CONDUCT-fil.md', 'CODE_OF_CONDUCT-fr.md', 'CODE_OF_CONDUCT-hi.md', 'CODE_OF_CONDUCT-id.md', 'CODE_OF_CONDUCT-it.md', 'CODE_OF_CONDUCT-ko.md', 'CODE_OF_CONDUCT-pl.md', 'CODE_OF_CONDUCT-pt_BR.md', 'CODE_OF_CONDUCT-ru.md', 'CODE_OF_CONDUCT-uk.md', 'CODE_OF_CONDUCT.md', 'CONTRIBUTING-de.md', 'CONTRIBUTING-el.md', 'CONTRIBUTING-es.md', 'CONTRIBUTING-fa_IR.md', 'CONTRIBUTING-fil.md', 'CONTRIBUTING-fr.md', 'CONTRIBUTING-id.md', 'CONTRIBUTING-it.md', 'CONTRIBUTING-ko.md', 'CONTRIBUTING-pt_BR.md', 'CONTRIBUTING-ru.md', 'CONTRIBUTING-vi.md', 'CONTRIBUTING-zh.md', 'CONTRIBUTING-zh_TW.md', 'HOWTO-ar.md', 'HOWTO-bn.md', 'HOWTO-bs.md', 'HOWTO-de.md', 'HOWTO-el.md', 'HOWTO-es.md', 'HOWTO-fa_IR.md', 'HOWTO-fil.md', 'HOWTO-fr.md', 'HOWTO-hi.md', 'HOWTO-id.md', 'HOWTO-it.md', 'HOWTO-km.md', 'HOWTO-ko.md', 'HOWTO-nl.md', 'HOWTO-pl.md', 'HOWTO-pt_BR.md', 'HOWTO-ru.md', 'HOWTO-sl.md', 'HOWTO-sv.md', 'HOWTO-th.md', 'HOWTO-tr.md', 'HOWTO-uk.md', 'HOWTO-vi.md', 'HOWTO-zh.md', 'HOWTO-zh_TW.md', 'HOWTO.md', 'README.md', 'books/free-programming-books-fr.md', 'books/free-programming-books-langs.md', 'casts/free-podcasts-screencasts-en.md', 'casts/free-podcasts-screencasts-id.md', 'courses/free-courses-en.md', 'courses/free-courses-id.md', 'CONTRIBUTING.md', 'CONTRIBUTING-es.md', 'README.md', 'docs/CODE_OF_CONDUCT-bs.md', 'docs/CODE_OF_CONDUCT-de.md', 'docs/CODE_OF_CONDUCT-el.md', 'docs/CODE_OF_CONDUCT-es.md', 'docs/CODE_OF_CONDUCT-fa_IR.md', 'docs/CODE_OF_CONDUCT-fil.md', 'docs/CODE_OF_CONDUCT-fr.md', 'docs/CODE_OF_CONDUCT-hi.md', 'docs/CODE_OF_CONDUCT-id.md', 'docs/CODE_OF_CONDUCT-it.md', 'docs/CODE_OF_CONDUCT-ko.md', 'docs/CODE_OF_CONDUCT-pl.md', 'docs/CODE_OF_CONDUCT-pt_BR.md', 'docs/CODE_OF_CONDUCT-ru.md', 'docs/CODE_OF_CONDUCT-uk.md', 'docs/CODE_OF_CONDUCT.md', 'docs/CONTRIBUTING-de.md', 'docs/CONTRIBUTING-el.md', 'docs/CONTRIBUTING-es.md', 'docs/CONTRIBUTING-fa_IR.md', 'docs/CONTRIBUTING-fil.md', 'docs/CONTRIBUTING-fr.md', 'docs/CONTRIBUTING-id.md', 'docs/CONTRIBUTING-it.md', 'docs/CONTRIBUTING-ko.md', 'docs/CONTRIBUTING-pt_BR.md', 'docs/CONTRIBUTING-ru.md', 'docs/CONTRIBUTING-vi.md', 'docs/CONTRIBUTING-zh.md', 'docs/CONTRIBUTING-zh_TW.md', 'docs/CONTRIBUTING.md', 'docs/HOWTO-ar.md', 'docs/HOWTO-bn.md', 'docs/HOWTO-bs.md', 'docs/HOWTO-de.md', 'docs/HOWTO-el.md', 'docs/HOWTO-es.md', 'docs/HOWTO-fa_IR.md', 'docs/HOWTO-fil.md', 'docs/HOWTO-fr.md', 'docs/HOWTO-hi.md', 'docs/HOWTO-id.md', 'docs/HOWTO-it.md', 'docs/HOWTO-km.md', 'docs/HOWTO-ko.md', 'docs/HOWTO-nl.md', 'docs/HOWTO-pl.md', 'docs/HOWTO-pt_BR.md', 'docs/HOWTO-ru.md', 'docs/HOWTO-sl.md', 'docs/HOWTO-sv.md', 'docs/HOWTO-th.md', 'docs/HOWTO-tr.md', 'docs/HOWTO-uk.md', 'docs/HOWTO-vi.md', 'docs/HOWTO-zh.md', 'docs/HOWTO-zh_TW.md', 'docs/HOWTO.md', 'README.md', 'docs/CONTRIBUTING-de.md', 'docs/CONTRIBUTING-el.md', 'docs/CONTRIBUTING-fa_IR.md', 'docs/CONTRIBUTING-fil.md', 'docs/CONTRIBUTING-fr.md', 'docs/CONTRIBUTING-id.md', 'docs/CONTRIBUTING-it.md', 'docs/CONTRIBUTING-ko.md', 'docs/CONTRIBUTING-pt_BR.md', 'docs/CONTRIBUTING-ru.md', 'docs/CONTRIBUTING-vi.md', 'docs/CONTRIBUTING-zh.md', 'docs/CONTRIBUTING-zh_TW.md', 'README.md', 'README.md', 'README.md', 'README.md', 'README.md', 'docs/HOWTO-fa_IR.md', 'docs/HOWTO-hi.md', 'docs/HOWTO-ko.md', 'docs/HOWTO-pl.md', 'docs/HOWTO-th.md', 'README.md', 'README.md', 'README.md', 'docs/CONTRIBUTING-ru.md', 'README.md', 'docs/CODE_OF_CONDUCT-es.md'];https://github.com/EbookFoundation/free-programming-books/pull/6614;https://api.github.com/repos/EbookFoundation/free-programming-books/pulls/6614/commits;2;closed
66956067;raihaninfo;I have added Galang programming research;EbookFoundation/free-programming-books;[926513];['eshellman'];2021-11-14T12:50:52Z;2021-11-18T02:59:55Z;['books/free-programming-books-bn.md'];https://github.com/EbookFoundation/free-programming-books/pull/6609;https://api.github.com/repos/EbookFoundation/free-programming-books/pulls/6609/commits;4;closed
78213164;CleanMachine1;Sqlite: add course;EbookFoundation/free-programming-books;[59611597];['LuigiImVector'];2021-11-14T11:17:19Z;2021-11-17T18:25:49Z;['books/free-programming-books-langs.md', 'books/free-programming-books-langs.md', 'books/free-programming-books-langs.md'];https://github.com/EbookFoundation/free-programming-books/pull/6606;https://api.github.com/repos/EbookFoundation/free-programming-books/pulls/6606/commits;1;closed
3125580;davorpa;chore: Bump pr/endrose/6163 - added belajar vue js;EbookFoundation/free-programming-books;[926513];['eshellman'];2021-11-09T23:24:03Z;2021-11-10T14:24:10Z;['free-programming-books-id.md', 'free-programming-books-id.md', 'free-courses-id.md', 'free-courses-id.md', 'free-courses-id.md', 'free-programming-books-id.md', 'free-courses-id.md', 'free-programming-books-id.md', 'free-programming-books-id.md', 'free-programming-books-id.md', 'free-programming-books-id.md', 'free-courses-id.md', '.github/PULL_REQUEST_TEMPLATE.md', '.github/workflows/fpb-lint.yml', '.travis.yml', 'CODE_OF_CONDUCT-bs.md', 'CODE_OF_CONDUCT-de.md', 'CODE_OF_CONDUCT-el.md', 'CODE_OF_CONDUCT-es.md', 'CODE_OF_CONDUCT-fa_IR.md', 'CODE_OF_CONDUCT-fil.md', 'CODE_OF_CONDUCT-fr.md', 'CODE_OF_CONDUCT-hi.md', 'CODE_OF_CONDUCT-id.md', 'CODE_OF_CONDUCT-it.md', 'CODE_OF_CONDUCT-ko.md', 'CODE_OF_CONDUCT-pl.md', 'CODE_OF_CONDUCT-pt_BR.md', 'CODE_OF_CONDUCT-ru.md', 'CODE_OF_CONDUCT-uk.md', 'CODE_OF_CONDUCT.md', 'CONTRIBUTING-de.md', 'CONTRIBUTING-el.md', 'CONTRIBUTING-es.md', 'CONTRIBUTING-fa_IR.md', 'CONTRIBUTING-fil.md', 'CONTRIBUTING-fr.md', 'CONTRIBUTING-id.md', 'CONTRIBUTING-it.md', 'CONTRIBUTING-ko.md', 'CONTRIBUTING-pt_BR.md', 'CONTRIBUTING-ru.md', 'CONTRIBUTING-vi.md', 'CONTRIBUTING-zh.md', 'CONTRIBUTING-zh_TW.md', 'CONTRIBUTING.md', 'HOWTO-ar.md', 'HOWTO-bs.md', 'HOWTO-de.md', 'HOWTO-el.md', 'HOWTO-es.md', 'HOWTO-fa_IR.md', 'HOWTO-fil.md', 'HOWTO-fr.md', 'HOWTO-hi.md', 'HOWTO-id.md', 'HOWTO-it.md', 'HOWTO-km.md', 'HOWTO-ko.md', 'HOWTO-nl.md', 'HOWTO-pl.md', 'HOWTO-pt_BR.md', 'HOWTO-ru.md', 'HOWTO-sl.md', 'HOWTO-sv.md', 'HOWTO-th.md', 'HOWTO-uk.md', 'HOWTO-vi.md', 'HOWTO-zh-TW.md', 'HOWTO-zh.md', 'HOWTO-zh_TW.md', 'HOWTO.md', 'LICENSE', 'README.md', '_config.yml', 'books/free-programming-books-ar.md', 'books/free-programming-books-az.md', 'books/free-programming-books-bg.md', 'books/free-programming-books-bn.md', 'books/free-programming-books-cs.md', 'books/free-programming-books-de.md', 'books/free-programming-books-dk.md', 'books/free-programming-books-el.md', 'books/free-programming-books-en.md', 'books/free-programming-books-es.md', 'books/free-programming-books-et.md', 'books/free-programming-books-fa_IR.md', 'books/free-programming-books-fi.md', 'books/free-programming-books-fr.md', 'books/free-programming-books-he.md', 'books/free-programming-books-hi.md', 'books/free-programming-books-hu.md', 'books/free-programming-books-id.md', 'books/free-programming-books-it.md', 'books/free-programming-books-ja.md', 'books/free-programming-books-ko.md', 'books/free-programming-books-langs.md', 'books/free-programming-books-my.md', 'books/free-programming-books-nl.md', 'books/free-programming-books-no.md', 'books/free-programming-books-pl.md', 'books/free-programming-books-pt_BR.md', 'books/free-programming-books-pt_PT.md', 'books/free-programming-books-ro.md', 'books/free-programming-books-ru.md', 'books/free-programming-books-sk.md', 'books/free-programming-books-subjects.md', 'books/free-programming-books-sv.md', 'books/free-programming-books-ta.md', 'books/free-programming-books-th.md', 'books/free-programming-books-tr.md', 'books/free-programming-books-uk.md', 'books/free-programming-books-vi.md', 'books/free-programming-books-zh.md', 'casts/free-podcasts-screencasts-ar.md', 'casts/free-podcasts-screencasts-cs.md', 'casts/free-podcasts-screencasts-en.md', 'casts/free-podcasts-screencasts-es.md', 'casts/free-podcasts-screencasts-fa_IR.md', 'casts/free-podcasts-screencasts-fi.md', 'casts/free-podcasts-screencasts-fr.md', 'casts/free-podcasts-screencasts-id.md', 'casts/free-podcasts-screencasts-pl.md', 'casts/free-podcasts-screencasts-pt_BR.md', 'casts/free-podcasts-screencasts-pt_PT.md', 'casts/free-podcasts-screencasts-ru.md', 'casts/free-podcasts-screencasts-si.md', 'casts/free-podcasts-screencasts-sv.md', 'casts/free-podcasts-screencasts-tr.md', 'courses/free-courses-ar.md', 'courses/free-courses-bg.md', 'courses/free-courses-de.md', 'courses/free-courses-el.md', 'courses/free-courses-en.md', 'courses/free-courses-es.md', 'courses/free-courses-fa_IR.md', 'courses/free-courses-fi.md', 'courses/free-courses-fr.md', 'courses/free-courses-he.md', 'courses/free-courses-hi.md', 'courses/free-courses-id.md', 'courses/free-courses-it.md', 'courses/free-courses-kk.md', 'courses/free-courses-km.md', 'courses/free-courses-ko.md', 'courses/free-courses-pl.md', 'courses/free-courses-pt_BR.md', 'courses/free-courses-pt_PT.md', 'courses/free-courses-ru.md', 'courses/free-courses-si.md', 'courses/free-courses-th.md', 'courses/free-courses-tr.md', 'courses/free-courses-uk.md', 'courses/free-courses-vi.md', 'free-courses-en.md', 'free-courses-hi.md', 'free-courses-id.md', 'free-courses-ua.md', 'free-courses-vi.md', 'free-podcasts-screencasts-es.md', 'free-podcasts-screencasts-se.md', 'free-programming-books-bl.md', 'free-programming-books-en.md', 'free-programming-books-id.md', 'free-programming-books-ko.md', 'free-programming-books-my.md', 'free-programming-books-th.md', 'free-programming-books-tr.md', 'free-programming-cheatsheets.md', 'free-programming-playgrounds.md', 'more/free-programming-cheatsheets.md', 'more/free-programming-interactive-tutorials-en.md', 'more/free-programming-interactive-tutorials-pt_BR.md', 'more/free-programming-interactive-tutorials-ru.md', 'more/free-programming-interactive-tutorials-zh.md', 'more/free-programming-playgrounds-zh.md', 'more/free-programming-playgrounds.md', 'more/problem-sets-competitive-programming.md', 'courses/free-courses-id.md', 'books/free-programming-books-id.md', 'books/free-programming-books-fa_IR.md', 'courses/free-courses-fa_IR.md', 'courses/free-courses-id.md', 'courses/free-courses-ru.md'];https://github.com/EbookFoundation/free-programming-books/pull/6598;https://api.github.com/repos/EbookFoundation/free-programming-books/pulls/6598/commits;28;closed
15987576;bartoszgorka;Added The Little Ecto Cookbook;EbookFoundation/free-programming-books;[59611597];['LuigiImVector'];2021-10-31T06:52:08Z;2021-10-31T19:20:38Z;['books/free-programming-books-langs.md', 'books/free-programming-books-langs.md', 'books/free-programming-books-langs.md'];https://github.com/EbookFoundation/free-programming-books/pull/6546;https://api.github.com/repos/EbookFoundation/free-programming-books/pulls/6546/commits;2;closed
75788774;vineetsingh0809;Update free-programming-books-langs.md;EbookFoundation/free-programming-books;[926513];['eshellman'];2021-10-30T07:49:07Z;2021-10-31T13:18:35Z;['books/free-programming-books-langs.md', 'books/free-programming-books-langs.md', 'books/free-programming-books-langs.md', 'books/free-programming-books-langs.md', 'books/free-programming-books-langs.md', 'books/free-programming-books-langs.md', 'books/free-programming-books-langs.md'];https://github.com/EbookFoundation/free-programming-books/pull/6531;https://api.github.com/repos/EbookFoundation/free-programming-books/pulls/6531/commits;2;closed
89575829;PranavKrishnan007;adding resources in free-courses-en.md;EbookFoundation/free-programming-books;[926513];['eshellman'];2021-10-30T06:11:51Z;2021-11-02T14:29:40Z;['courses/free-courses-en.md', 'courses/free-courses-en.md', 'courses/free-courses-en.md', 'courses/free-courses-en.md'];https://github.com/EbookFoundation/free-programming-books/pull/6527;https://api.github.com/repos/EbookFoundation/free-programming-books/pulls/6527/commits;4;closed
73242397;iamjithinjohn;Add Course Playlists to free-courses-hi.md;EbookFoundation/free-programming-books;[926513];['eshellman'];2021-10-29T10:37:42Z;2021-10-31T18:25:58Z;['courses/free-courses-hi.md', 'courses/free-courses-hi.md', 'courses/free-courses-hi.md', 'courses/free-courses-hi.md'];https://github.com/EbookFoundation/free-programming-books/pull/6502;https://api.github.com/repos/EbookFoundation/free-programming-books/pulls/6502/commits;2;closed
75788774;vineetsingh0809;Update free-programming-books-langs.md;EbookFoundation/free-programming-books;[926513];['eshellman'];2021-10-28T19:40:20Z;2021-10-31T17:58:00Z;['books/free-programming-books-langs.md', 'books/free-programming-books-langs.md', 'books/free-programming-books-langs.md', 'books/free-programming-books-langs.md', 'books/free-programming-books-langs.md', 'books/free-programming-books-langs.md', 'books/free-programming-books-langs.md', 'books/free-programming-books-langs.md', 'books/free-programming-books-langs.md', 'books/free-programming-books-langs.md'];https://github.com/EbookFoundation/free-programming-books/pull/6496;https://api.github.com/repos/EbookFoundation/free-programming-books/pulls/6496/commits;1;closed
71517788;Saviour1001;Adding Grokking Bitcoin;EbookFoundation/free-programming-books;[3125580];['davorpa'];2021-10-28T05:49:51Z;2021-10-28T17:34:49Z;['books/free-programming-books-subjects.md', 'books/free-programming-books-subjects.md'];https://github.com/EbookFoundation/free-programming-books/pull/6483;https://api.github.com/repos/EbookFoundation/free-programming-books/pulls/6483/commits;2;closed
59611597;LuigiImVector;docs(free-programming-books-subjects): fixed broken links #5470;EbookFoundation/free-programming-books;[926513];['eshellman'];2021-10-27T13:45:44Z;2021-11-11T14:23:56Z;['books/free-programming-books-subjects.md', 'books/free-programming-books-subjects.md', 'books/free-programming-books-subjects.md', 'books/free-programming-books-subjects.md', 'books/free-programming-books-subjects.md', 'books/free-programming-books-subjects.md', 'books/free-programming-books-subjects.md', 'books/free-programming-books-subjects.md', 'books/free-programming-books-subjects.md', 'books/free-programming-books-subjects.md', 'books/free-programming-books-subjects.md', 'books/free-programming-books-subjects.md'];https://github.com/EbookFoundation/free-programming-books/pull/6471;https://api.github.com/repos/EbookFoundation/free-programming-books/pulls/6471/commits;2;closed
41038636;MRGRAVITY817;Remove Rust courses from suspicious source ;EbookFoundation/free-programming-books;[926513];['eshellman'];2021-10-25T13:01:04Z;2021-10-25T17:37:30Z;['courses/free-courses-ko.md', 'courses/free-courses-ko.md'];https://github.com/EbookFoundation/free-programming-books/pull/6428;https://api.github.com/repos/EbookFoundation/free-programming-books/pulls/6428/commits;4;closed
47256763;lbartnicki92;Update free-courses-pl.md;EbookFoundation/free-programming-books;[59611597];['LuigiImVector'];2021-10-24T20:14:11Z;2021-10-26T15:33:40Z;['courses/free-courses-pl.md', 'courses/free-courses-pl.md', 'courses/free-courses-pl.md', 'courses/free-courses-pl.md', 'courses/free-courses-pl.md', 'books/free-programming-books-pl.md', 'books/free-programming-books-pl.md'];https://github.com/EbookFoundation/free-programming-books/pull/6423;https://api.github.com/repos/EbookFoundation/free-programming-books/pulls/6423/commits;2;closed
49832795;hozansahin;Added Head First Java source;EbookFoundation/free-programming-books;[926513];['eshellman'];2021-10-24T13:15:50Z;2021-10-24T14:20:04Z;['books/free-programming-books-langs.md'];https://github.com/EbookFoundation/free-programming-books/pull/6415;https://api.github.com/repos/EbookFoundation/free-programming-books/pulls/6415/commits;2;closed
45631324;Shubhrmcf07;Update free-programming-books-langs.md;EbookFoundation/free-programming-books;[926513];['eshellman'];2021-10-24T09:48:17Z;2021-10-24T13:12:07Z;['books/free-programming-books-langs.md'];https://github.com/EbookFoundation/free-programming-books/pull/6410;https://api.github.com/repos/EbookFoundation/free-programming-books/pulls/6410/commits;1;closed
71312587;wanrabbae;Node and React course for id.md;EbookFoundation/free-programming-books;[926513];['eshellman'];2021-10-23T05:23:39Z;2021-10-25T16:53:44Z;['courses/free-courses-id.md', 'courses/free-courses-id.md', 'courses/free-courses-id.md', 'courses/free-courses-id.md', 'HOWTO-ko.md', 'books/free-programming-books-ko.md', 'courses/free-courses-en.md', 'courses/free-courses-tr.md', 'more/free-programming-cheatsheets.md'];https://github.com/EbookFoundation/free-programming-books/pull/6395;https://api.github.com/repos/EbookFoundation/free-programming-books/pulls/6395/commits;35;closed
72545275;piratekingdev;Update free-programming-cheatsheets.md;EbookFoundation/free-programming-books;[926513];['eshellman'];2021-10-21T18:49:08Z;2021-10-23T02:18:58Z;['more/free-programming-cheatsheets.md', 'more/free-programming-cheatsheets.md', 'more/free-programming-cheatsheets.md', 'more/free-programming-cheatsheets.md', 'more/free-programming-cheatsheets.md', 'more/free-programming-cheatsheets.md'];https://github.com/EbookFoundation/free-programming-books/pull/6372;https://api.github.com/repos/EbookFoundation/free-programming-books/pulls/6372/commits;2;closed
56300959;sumushi; Update free-programming-interactive-tutorials-en.md;EbookFoundation/free-programming-books;[3125580];['davorpa'];2021-10-20T19:39:12Z;2021-10-21T03:32:31Z;['more/free-programming-interactive-tutorials-en.md', 'more/free-programming-interactive-tutorials-en.md', 'more/free-programming-interactive-tutorials-en.md', 'more/free-programming-interactive-tutorials-en.md'];https://github.com/EbookFoundation/free-programming-books/pull/6362;https://api.github.com/repos/EbookFoundation/free-programming-books/pulls/6362/commits;2;closed
75305373;patrick-steve;Added Machine Learning from Scratch;EbookFoundation/free-programming-books;[3125580];['davorpa'];2021-10-20T15:37:54Z;2021-10-21T12:59:28Z;['books/free-programming-books-subjects.md', 'books/free-programming-books-subjects.md', 'books/free-programming-books-subjects.md'];https://github.com/EbookFoundation/free-programming-books/pull/6359;https://api.github.com/repos/EbookFoundation/free-programming-books/pulls/6359/commits;3;closed
63850556;Snimer;Added freeCodeCamp courses;EbookFoundation/free-programming-books;[926513];['eshellman'];2021-10-20T03:56:34Z;2021-11-13T18:25:42Z;['courses/free-courses-en.md', 'courses/free-courses-en.md', 'books/free-programming-books-de.md', 'books/free-programming-books-ko.md', 'books/free-programming-books-langs.md', 'books/free-programming-books-ru.md', 'books/free-programming-books-subjects.md', 'courses/free-courses-en.md', 'courses/free-courses-fa_IR.md', 'courses/free-courses-hi.md', 'courses/free-courses-id.md', 'courses/free-courses-ko.md', 'more/free-programming-cheatsheets.md', 'more/free-programming-interactive-tutorials-en.md', 'courses/free-courses-en.md', 'more/free-programming-interactive-tutorials-en.md', 'more/free-programming-interactive-tutorials-en.md', 'courses/free-courses-en.md', 'more/free-programming-interactive-tutorials-en.md', 'more/free-programming-interactive-tutorials-en.md', 'more/free-programming-interactive-tutorials-en.md', 'more/free-programming-interactive-tutorials-en.md', 'more/free-programming-interactive-tutorials-en.md', 'more/free-programming-interactive-tutorials-en.md', 'more/free-programming-interactive-tutorials-en.md', 'more/free-programming-interactive-tutorials-en.md', 'more/free-programming-interactive-tutorials-en.md'];https://github.com/EbookFoundation/free-programming-books/pull/6340;https://api.github.com/repos/EbookFoundation/free-programming-books/pulls/6340/commits;8;closed
27753675;antarezaghifary;Update free-programming-books-my.md;EbookFoundation/free-programming-books;[3125580];['davorpa'];2021-10-19T14:33:53Z;2021-10-19T16:12:20Z;['books/free-programming-books-my.md', 'books/free-programming-books-my.md', 'books/free-programming-books-my.md', 'books/free-programming-books-my.md', 'books/free-programming-books-my.md'];https://github.com/EbookFoundation/free-programming-books/pull/6334;https://api.github.com/repos/EbookFoundation/free-programming-books/pulls/6334/commits;5;closed
75305373;patrick-steve;Added Bayesian method in artificial intelligence;EbookFoundation/free-programming-books;[926513, 3125580];['eshellman', 'davorpa'];2021-10-19T14:05:19Z;2021-10-20T13:48:17Z;['books/free-programming-books-subjects.md', 'books/free-programming-books-subjects.md', 'books/free-programming-books-subjects.md', 'books/free-programming-books-subjects.md', 'books/free-programming-books-subjects.md', 'books/free-programming-books-subjects.md', 'books/free-programming-books-subjects.md', 'books/free-programming-books-subjects.md'];https://github.com/EbookFoundation/free-programming-books/pull/6332;https://api.github.com/repos/EbookFoundation/free-programming-books/pulls/6332/commits;2;closed
1908843;ShkiperMe;Add new Python resources from coderlessons (RU);EbookFoundation/free-programming-books;[926513];['eshellman'];2021-10-19T06:27:52Z;2021-10-23T02:25:46Z;['books/free-programming-books-ru.md', 'books/free-programming-books-ru.md', 'books/free-programming-books-ru.md', 'books/free-programming-books-ru.md', 'books/free-programming-books-ru.md', 'books/free-programming-books-ru.md', 'books/free-programming-books-ru.md'];https://github.com/EbookFoundation/free-programming-books/pull/6325;https://api.github.com/repos/EbookFoundation/free-programming-books/pulls/6325/commits;2;closed
1908843;ShkiperMe;Add new JavaScript resources from coderlessons (RU);EbookFoundation/free-programming-books;[926513];['eshellman'];2021-10-19T06:05:04Z;2021-10-23T02:06:58Z;['books/free-programming-books-ru.md', 'books/free-programming-books-ru.md'];https://github.com/EbookFoundation/free-programming-books/pull/6324;https://api.github.com/repos/EbookFoundation/free-programming-books/pulls/6324/commits;12;closed
47753930;carlosarango97;Machine learning best practices book was added;EbookFoundation/free-programming-books;[926513];['eshellman'];2021-10-19T02:53:36Z;2021-11-12T21:18:30Z;['books/free-programming-books-en.md', 'books/free-programming-books-en.md', 'books/free-programming-books-subjects.md', 'books/free-programming-books-subjects.md'];https://github.com/EbookFoundation/free-programming-books/pull/6319;https://api.github.com/repos/EbookFoundation/free-programming-books/pulls/6319/commits;2;closed
88372159;mzc-hedykim;add a korean ebook link;EbookFoundation/free-programming-books;[926513];['eshellman'];2021-10-17T06:51:57Z;2021-10-17T23:28:23Z;['books/free-programming-books-ko.md', 'CODE_OF_CONDUCT-bs.md', 'CONTRIBUTING-pt_BR.md', 'CONTRIBUTING.md', 'HOWTO-pt_BR.md', 'README.md', 'books/free-programming-books-bn.md', 'books/free-programming-books-de.md', 'books/free-programming-books-en.md', 'books/free-programming-books-es.md', 'books/free-programming-books-fa_IR.md', 'books/free-programming-books-fr.md', 'books/free-programming-books-id.md', 'books/free-programming-books-ko.md', 'books/free-programming-books-langs.md', 'books/free-programming-books-pl.md', 'books/free-programming-books-pt_BR.md', 'books/free-programming-books-ru.md', 'books/free-programming-books-subjects.md', 'books/free-programming-books-ua.md', 'books/free-programming-books-zh.md', 'casts/free-podcasts-screencasts-en.md', 'casts/free-podcasts-screencasts-fr.md', 'casts/free-podcasts-screencasts-id.md', 'casts/free-podcasts-screencasts-si.md', 'casts/free-podcasts-screencasts-tr.md', 'courses/free-courses-de.md', 'courses/free-courses-en.md', 'courses/free-courses-fa_IR.md', 'courses/free-courses-id.md', 'courses/free-courses-km.md', 'courses/free-courses-pl.md', 'courses/free-courses-pt_BR.md', 'courses/free-courses-tr.md', 'more/free-programming-cheatsheets.md', 'more/free-programming-interactive-tutorials-en.md', 'more/free-programming-playgrounds.md', 'books/free-programming-books-ko.md', 'books/free-programming-books-ko.md', 'books/free-programming-books-ko.md'];https://github.com/EbookFoundation/free-programming-books/pull/6291;https://api.github.com/repos/EbookFoundation/free-programming-books/pulls/6291/commits;2;closed
59611597;LuigiImVector;docs(contributing): archived resources guidelines;EbookFoundation/free-programming-books;[926513];['eshellman'];2021-10-16T19:18:38Z;2021-10-26T15:22:39Z;['CONTRIBUTING-it.md', 'CONTRIBUTING.md', 'CONTRIBUTING.md', 'CONTRIBUTING.md', 'CONTRIBUTING-it.md', 'CONTRIBUTING-it.md', 'CONTRIBUTING-it.md', 'CONTRIBUTING.md', 'CONTRIBUTING-it.md', 'CONTRIBUTING-it.md', 'CONTRIBUTING.md'];https://github.com/EbookFoundation/free-programming-books/pull/6282;https://api.github.com/repos/EbookFoundation/free-programming-books/pulls/6282/commits;2;closed
76911582;vasu-1;C++, Java, Go Cheatsheets Added;EbookFoundation/free-programming-books;[3125580];['davorpa'];2021-10-15T08:21:39Z;2021-10-16T17:17:36Z;['more/free-programming-cheatsheets.md', 'more/free-programming-cheatsheets.md', 'more/free-programming-cheatsheets.md', 'more/free-programming-cheatsheets.md', 'more/free-programming-cheatsheets.md'];https://github.com/EbookFoundation/free-programming-books/pull/6258;https://api.github.com/repos/EbookFoundation/free-programming-books/pulls/6258/commits;2;closed
3125580;davorpa;chore(books): recover syncfusion succinctly assembly;EbookFoundation/free-programming-books;[926513];['eshellman'];2021-10-15T03:28:51Z;2021-10-20T13:32:22Z;['books/free-programming-books-langs.md', 'books/free-programming-books-langs.md', 'books/free-programming-books-langs.md'];https://github.com/EbookFoundation/free-programming-books/pull/6255;https://api.github.com/repos/EbookFoundation/free-programming-books/pulls/6255/commits;2;closed
3125580;davorpa;feat(books): Add blockchain subject;EbookFoundation/free-programming-books;[926513];['eshellman'];2021-10-13T01:21:39Z;2021-10-13T13:38:57Z;['books/free-programming-books-subjects.md', 'books/free-programming-books-subjects.md', 'books/free-programming-books-subjects.md', 'books/free-programming-books-subjects.md', 'books/free-programming-books-subjects.md', 'books/free-programming-books-subjects.md'];https://github.com/EbookFoundation/free-programming-books/pull/6210;https://api.github.com/repos/EbookFoundation/free-programming-books/pulls/6210/commits;2;closed
172697;naveensrinivasan;security(workflows): Set permissions for GitHub actions;EbookFoundation/free-programming-books;[928812, 22801583];['borgified', 'SethFalco'];2022-04-08T21:44:26Z;None;['.github/workflows/fpb-lint.yml'];https://github.com/EbookFoundation/free-programming-books/pull/6820;https://api.github.com/repos/EbookFoundation/free-programming-books/pulls/6820/commits;3;open
